Feed Stock Type,Carbon,Hydrogen,Nitrogen,Oxygen,Raw Material Supply (g),Temperature (C ),Residence Time (min),Gas Flow Rate (L/min),Heating Rate (C/min),Moisture (%),VM,Ash,FC,Particle Size (mm),Biochar Yield (%),Bio Oil Yield (%)
Sewage Sludge,37.9,5.5,6.2,,0.75,300.0,30.0,0.2,17.0,84.5,73.7,25.9,0.4,,62.5,
Sewage Sludge,37.9,5.5,6.2,,0.75,400.0,30.0,0.2,17.0,84.5,73.7,25.9,0.4,,28.5,
Sewage Sludge,37.9,5.5,6.2,,0.75,500.0,30.0,0.2,17.0,84.5,73.7,25.9,0.4,,27.3,
Sewage Sludge,37.9,5.5,6.2,,0.75,300.0,60.0,0.2,17.0,84.5,73.7,25.9,0.4,,58.1,
Sewage Sludge,37.9,5.5,6.2,,0.75,400.0,60.0,0.2,17.0,84.5,73.7,25.9,0.4,,25.5,
Sewage Sludge,37.9,5.5,6.2,,0.75,500.0,60.0,0.2,17.0,84.5,73.7,25.9,0.4,,27.0,
Sewage Sludge,37.9,5.5,6.2,,0.75,300.0,90.0,0.2,17.0,84.5,73.7,25.9,0.4,,64.2,
Sewage Sludge,37.9,5.5,6.2,,0.75,400.0,90.0,0.2,17.0,84.5,73.7,25.9,0.4,,27.5,
Sewage Sludge,37.9,5.5,6.2,,0.75,500.0,90.0,0.2,17.0,84.5,73.7,25.9,0.4,,31.0,
Manure,41.13,5.89,2.69,49.92,10.0,400.0,60.0,,12.0,85.12,69.51,15.37,15.12,0.63,43.2,
Manure,41.13,5.89,2.69,49.92,15.0,500.0,80.0,,4.0,85.12,69.51,15.37,15.12,0.63,42.73,
Manure,41.13,5.89,2.69,49.92,20.0,500.0,40.0,,12.0,85.12,69.51,15.37,15.12,0.63,36.4,
Manure,41.13,5.89,2.69,49.92,10.0,450.0,60.0,,12.0,85.12,69.51,15.37,15.12,0.63,43.0,
Manure,41.13,5.89,2.69,49.92,10.0,450.0,60.0,,12.0,85.12,69.51,15.37,15.12,0.63,35.2,
Manure,41.13,5.89,2.69,49.92,5.0,500.0,100.0,,16.0,85.12,69.51,15.37,15.12,0.63,36.0,
Manure,41.13,5.89,2.69,49.92,10.0,400.0,60.0,,12.0,85.12,69.51,15.37,15.12,0.63,45.5,
Manure,41.13,5.89,2.69,49.92,10.0,500.0,60.0,,8.0,85.12,69.51,15.37,15.12,0.63,37.6,
Manure,41.13,5.89,2.69,49.92,10.0,500.0,60.0,,12.0,85.12,69.51,15.37,15.12,0.63,40.3,
Manure,41.13,5.89,2.69,49.92,15.0,600.0,100.0,,12.0,85.12,69.51,15.37,15.12,0.63,33.2,
Manure,41.13,5.89,2.69,49.92,10.0,500.0,60.0,,12.0,85.12,69.51,15.37,15.12,0.63,39.0,
Manure,41.13,5.89,2.69,49.92,20.0,600.0,60.0,,4.0,85.12,69.51,15.37,15.12,0.63,29.35,
Manure,41.13,5.89,2.69,49.92,10.0,500.0,60.0,,12.0,85.12,69.51,15.37,15.12,0.63,42.4,
Manure,41.13,5.89,2.69,49.92,10.0,500.0,60.0,,12.0,85.12,69.51,15.37,15.12,0.63,41.6,
Manure,41.13,5.89,2.69,49.92,10.0,550.0,60.0,,12.0,85.12,69.51,15.37,15.12,0.63,39.7,
Manure,41.13,5.89,2.69,49.92,20.0,450.0,80.0,,16.0,85.12,69.51,15.37,15.12,0.63,41.2,
Manure,41.13,5.89,2.69,49.92,5.0,450.0,60.0,,12.0,85.12,69.51,15.37,15.12,0.63,39.6,
Manure,41.13,5.89,2.69,49.92,10.0,550.0,60.0,,12.0,85.12,69.51,15.37,15.12,0.63,37.9,
Manure,41.13,5.89,2.69,49.92,20.0,550.0,100.0,,8.0,85.12,69.51,15.37,15.12,0.63,36.8,
Manure,41.13,5.89,2.69,49.92,15.0,550.0,60.0,,16.0,85.12,69.51,15.37,15.12,0.63,36.27,
Manure,41.13,5.89,2.69,49.92,10.0,600.0,60.0,,12.0,85.12,69.51,15.37,15.12,0.63,32.2,
Manure,41.13,5.89,2.69,49.92,10.0,600.0,40.0,,16.0,85.12,69.51,15.37,15.12,0.63,35.3,
Manure,41.13,5.89,2.69,49.92,5.0,550.0,40.0,,4.0,85.12,69.51,15.37,15.12,0.63,38.8,
Manure,41.13,5.89,2.69,49.92,10.0,400.0,60.0,,12.0,85.12,69.51,15.37,15.12,0.63,49.9,
Manure,41.13,5.89,2.69,49.92,15.0,450.0,40.0,,8.0,85.12,69.51,15.37,15.12,0.63,35.67,
Manure,41.13,5.89,2.69,49.92,10.0,600.0,60.0,,12.0,85.12,69.51,15.37,15.12,0.63,37.9,
Manure,41.13,5.89,2.69,49.92,10.0,600.0,60.0,,12.0,85.12,69.51,15.37,15.12,0.63,35.7,
Manure,41.13,5.89,2.69,49.92,10.0,450.0,100.0,,4.0,85.12,69.51,15.37,15.12,0.63,40.5,
Manure,41.13,5.89,2.69,49.92,10.0,550.0,60.0,,12.0,85.12,69.51,15.37,15.12,0.63,40.2,
Manure,41.13,5.89,2.69,49.92,5.0,600.0,80.0,,8.0,85.12,69.51,15.37,15.12,0.63,33.0,
Manure,41.13,5.89,2.69,49.92,10.0,550.0,80.0,,12.0,85.12,69.51,15.37,15.12,0.63,32.4,
Manure,41.13,5.89,2.69,49.92,10.0,550.0,60.0,,12.0,85.12,69.51,15.37,15.12,0.63,31.5,
Manure,41.13,5.89,2.69,49.92,10.0,600.0,60.0,,12.0,85.12,69.51,15.37,15.12,0.63,37.7,
Manure,27.78,3.98,1.67,20.28,1.0,800.0,20.0,0.05,20.0,6.81,42.59,41.65,8.95,0.7,53.1,
Rice Husk,31.39,3.39,0.35,43.4,,300.0,60.0,0.1,5.0,8.5,63.78,12.99,,2.5,35.86,28.7
Rice Husk,31.39,3.39,0.35,43.4,,400.0,90.0,0.1,5.0,8.5,63.78,12.99,,2.5,33.73,32.14
Rice Husk,31.39,3.39,0.35,43.4,,500.0,120.0,0.1,5.0,8.5,63.78,12.99,,2.5,35.14,36.82
Rice Husk,31.39,3.39,0.35,43.4,,300.0,120.0,0.1,10.0,8.5,63.78,12.99,,2.5,34.96,15.82
Rice Husk,31.39,3.39,0.35,43.4,,400.0,60.0,0.1,10.0,8.5,63.78,12.99,,2.5,37.51,39.84
Rice Husk,31.39,3.39,0.35,43.4,,500.0,90.0,0.1,10.0,8.5,63.78,12.99,,2.5,34.74,38.2
Rice Husk,31.39,3.39,0.35,43.4,,300.0,90.0,0.1,20.0,8.5,63.78,12.99,,2.5,37.71,6.03
Rice Husk,31.39,3.39,0.35,43.4,,400.0,120.0,0.1,20.0,8.5,63.78,12.99,,2.5,36.16,34.94
Rice Husk,31.39,3.39,0.35,43.4,,500.0,60.0,0.1,20.0,8.5,63.78,12.99,,2.5,34.85,39.8
Olive Husk,50.2,6.4,1.0,38.4,,466.0,,,600.0,,72.5,4.1,27.5,1.85,43.7,
Olive Husk,50.2,6.4,1.0,38.4,,547.0,,,600.0,,72.5,4.1,27.5,1.85,43.2,
Olive Husk,50.2,6.4,1.0,38.4,,650.0,,,600.0,,72.5,4.1,27.5,1.85,42.0,
Olive Husk,50.2,6.4,1.0,38.4,,749.0,,,600.0,,72.5,4.1,27.5,1.85,44.0,
Olive Husk,50.2,6.4,1.0,38.4,,846.0,,,600.0,,72.5,4.1,27.5,1.85,38.5,
Olive Husk,50.2,6.4,1.0,38.4,,950.0,,,600.0,,72.5,4.1,27.5,1.85,35.1,
Olive Husk,50.2,6.4,1.0,38.4,,1050.0,,,600.0,,72.5,4.1,27.5,1.85,30.3,
Olive Husk,50.2,6.4,1.0,38.4,,1150.0,,,600.0,,72.5,4.1,27.5,1.85,24.5,
Olive Husk,50.2,6.4,1.0,38.4,,1250.0,,,600.0,,72.5,4.1,27.5,1.85,18.2,
Corncob,49.0,5.6,0.5,43.8,,466.0,,,600.0,,84.6,1.1,15.4,1.85,30.5,
Corncob,49.0,5.6,0.5,43.8,,547.0,,,600.0,,84.6,1.1,15.4,1.85,29.7,
Corncob,49.0,5.6,0.5,43.8,,650.0,,,600.0,,84.6,1.1,15.4,1.85,27.6,
Corncob,49.0,5.6,0.5,43.8,,749.0,,,600.0,,84.6,1.1,15.4,1.85,24.8,
Corncob,49.0,5.6,0.5,43.8,,846.0,,,600.0,,84.6,1.1,15.4,1.85,22.0,
Corncob,49.0,5.6,0.5,43.8,,950.0,,,600.0,,84.6,1.1,15.4,1.85,18.1,
Corncob,49.0,5.6,0.5,43.8,,1050.0,,,600.0,,84.6,1.1,15.4,1.85,14.1,
Corncob,49.0,5.6,0.5,43.8,,1150.0,,,600.0,,84.6,1.1,15.4,1.85,10.3,
Corncob,49.0,5.6,0.5,43.8,,1250.0,,,600.0,,84.6,1.1,15.4,1.85,6.001,
Tea Waste,48.2,5.5,0.5,44.3,,466.0,,,600.0,,83.8,1.5,16.2,1.85,38.8,
Tea Waste,48.2,5.5,0.5,44.3,,547.0,,,600.0,,83.8,1.5,16.2,1.85,37.9,
Tea Waste,48.2,5.5,0.5,44.3,,650.0,,,600.0,,83.8,1.5,16.2,1.85,37.1,
Tea Waste,48.2,5.5,0.5,44.3,,749.0,,,600.0,,83.8,1.5,16.2,1.85,35.6,
Tea Waste,48.2,5.5,0.5,44.3,,846.0,,,600.0,,83.8,1.5,16.2,1.85,33.4,
Tea Waste,48.2,5.5,0.5,44.3,,950.0,,,600.0,,83.8,1.5,16.2,1.85,30.3,
Tea Waste,48.2,5.5,0.5,44.3,,1050.0,,,600.0,,83.8,1.5,16.2,1.85,25.5,
Tea Waste,48.2,5.5,0.5,44.3,,1150.0,,,600.0,,83.8,1.5,16.2,1.85,19.6,
Tea Waste,48.2,5.5,0.5,44.3,,1250.0,,,600.0,,83.8,1.5,16.2,1.85,13.7,
Olive Husk,50.2,6.4,1.0,38.4,,697.0,,,600.0,,72.5,4.1,27.5,0.5,18.6,
Olive Husk,50.2,6.4,1.0,38.4,,697.0,,,600.0,,72.5,4.1,27.5,0.993,23.8,
Olive Husk,50.2,6.4,1.0,38.4,,697.0,,,600.0,,72.5,4.1,27.5,1.5,29.1,
Olive Husk,50.2,6.4,1.0,38.4,,697.0,,,600.0,,72.5,4.1,27.5,2.2,35.7,
Corncob,49.0,5.6,0.5,43.8,,697.0,,,600.0,,84.6,1.1,15.4,0.5,5.88,
Corncob,49.0,5.6,0.5,43.8,,697.0,,,600.0,,84.6,1.1,15.4,0.993,9.38,
Corncob,49.0,5.6,0.5,43.8,,697.0,,,600.0,,84.6,1.1,15.4,1.5,12.6,
Corncob,49.0,5.6,0.5,43.8,,697.0,,,600.0,,84.6,1.1,15.4,2.2,17.3,
Tea Waste,48.2,5.5,0.5,44.3,,697.0,,,600.0,,83.8,1.5,16.2,0.5,14.6,
Tea Waste,48.2,5.5,0.5,44.3,,697.0,,,600.0,,83.8,1.5,16.2,0.993,19.2,
Tea Waste,48.2,5.5,0.5,44.3,,697.0,,,600.0,,83.8,1.5,16.2,1.5,23.5,
Tea Waste,48.2,5.5,0.5,44.3,,697.0,,,600.0,,83.8,1.5,16.2,2.2,29.7,
Bamboo,39.0,6.1,0.6,54.0,200.0,300.0,15.0,0.1,10.0,9.37,70.31,2.57,17.75,0.67,80.2,4.5
Bamboo,39.0,6.1,0.6,54.0,200.0,400.0,15.0,0.1,10.0,9.37,70.31,2.57,17.75,0.67,45.2,29.59999999999999
Bamboo,39.0,6.1,0.6,54.0,200.0,500.0,15.0,0.1,10.0,9.37,70.31,2.57,17.75,0.67,38.0,33.09999999999999
Bamboo,39.0,6.1,0.6,54.0,200.0,600.0,15.0,0.1,10.0,9.37,70.31,2.57,17.75,0.67,27.0,34.02
Palm Fiber,49.74,6.84,1.37,41.16,30.0,550.0,27.0,0.7,10.0,4.7,66.73,4.23,24.33999999999999,,38.81,
Palm Fiber,49.74,6.84,1.37,41.16,30.0,700.0,21.0,1.2,10.0,4.7,66.73,4.23,24.33999999999999,,22.93,
Palm Fiber,49.74,6.84,1.37,41.16,30.0,700.0,21.0,0.2,10.0,4.7,66.73,4.23,24.33999999999999,,30.43,
Palm Fiber,49.74,6.84,1.37,41.16,30.0,575.0,12.0,1.1,10.0,4.7,66.73,4.23,24.33999999999999,,24.63,
Palm Fiber,49.74,6.84,1.37,41.16,30.0,575.0,7.0,0.7,10.0,4.7,66.73,4.23,24.33999999999999,,19.17,
Palm Fiber,49.74,6.84,1.37,41.16,30.0,575.0,12.0,0.7,10.0,4.7,66.73,4.23,24.33999999999999,,26.51,
Palm Fiber,49.74,6.84,1.37,41.16,30.0,575.0,12.0,0.4,10.0,4.7,66.73,4.23,24.33999999999999,,29.27,
Palm Fiber,49.74,6.84,1.37,41.16,30.0,575.0,12.0,0.7,10.0,4.7,66.73,4.23,24.33999999999999,,26.24,
Palm Fiber,49.74,6.84,1.37,41.16,30.0,450.0,7.0,0.2,10.0,4.7,66.73,4.23,24.33999999999999,,31.19,
Palm Fiber,49.74,6.84,1.37,41.16,30.0,450.0,13.0,0.2,10.0,4.7,66.73,4.23,24.33999999999999,,48.26,
Palm Fiber,49.74,6.84,1.37,41.16,30.0,450.0,7.0,1.2,10.0,4.7,66.73,4.23,24.33999999999999,,27.91,
Palm Fiber,49.74,6.84,1.37,41.16,30.0,575.0,12.0,0.7,10.0,4.7,66.73,4.23,24.33999999999999,,28.31,
Palm Fiber,49.74,6.84,1.37,41.16,30.0,575.0,12.0,0.7,10.0,4.7,66.73,4.23,24.33999999999999,,27.31,
Palm Fiber,49.74,6.84,1.37,41.16,30.0,575.0,12.0,0.7,10.0,4.7,66.73,4.23,24.33999999999999,,27.28,
Palm Fiber,49.74,6.84,1.37,41.16,30.0,450.0,13.0,1.2,10.0,4.7,66.73,4.23,24.33999999999999,,33.35,
Palm Fiber,49.74,6.84,1.37,41.16,30.0,575.0,12.0,0.7,10.0,4.7,66.73,4.23,24.33999999999999,,24.49,
Palm Fiber,49.74,6.84,1.37,41.16,30.0,350.0,7.5,0.7,10.0,4.7,66.73,4.23,24.33999999999999,,38.28,
Palm Fiber,49.74,6.84,1.37,41.16,30.0,780.0,16.0,0.7,10.0,4.7,66.73,4.23,24.33999999999999,,16.18,
Palm Fiber,49.74,6.84,1.37,41.16,30.0,700.0,11.0,0.2,10.0,4.7,66.73,4.23,24.33999999999999,,17.57,
Palm Fiber,49.74,6.84,1.37,41.16,30.0,700.0,11.0,1.2,10.0,4.7,66.73,4.23,24.33999999999999,,12.25,
Casava,44.47,5.82,0.01,48.88,100.0,400.0,60.0,,5.0,2.08,81.51,2.42,16.07,,35.7,
Casava,44.47,5.82,0.01,48.88,100.0,450.0,60.0,,5.0,2.08,81.51,2.42,16.07,,30.2,
Casava,44.47,5.82,0.01,48.88,100.0,500.0,60.0,,5.0,2.08,81.51,2.42,16.07,,28.1,
Casava,44.47,5.82,0.01,48.88,100.0,550.0,60.0,,5.0,2.08,81.51,2.42,16.07,,27.1,
Casava,44.47,5.82,0.01,48.88,100.0,600.0,60.0,,5.0,2.08,81.51,2.42,16.07,,26.2,
Casava,44.47,5.82,0.01,48.88,100.0,400.0,60.0,,5.0,2.08,81.51,2.42,16.07,,35.8,
Casava,44.47,5.82,0.01,48.88,100.0,400.0,60.0,,10.0,2.08,81.51,2.42,16.07,,35.6,
Casava,44.47,5.82,0.01,48.88,100.0,400.0,60.0,,15.0,2.08,81.51,2.42,16.07,,35.4,
Casava,44.47,5.82,0.01,48.88,100.0,400.0,60.0,,20.0,2.08,81.51,2.42,16.07,,35.3,
Casava,44.47,5.82,0.01,48.88,100.0,400.0,60.0,,25.0,2.08,81.51,2.42,16.07,,35.3,
Casava,41.78,5.97,0.26,51.07,100.0,400.0,60.0,,5.0,3.53,83.64,7.28,9.08,,37.0,
Casava,41.78,5.97,0.26,51.07,100.0,450.0,60.0,,5.0,3.53,83.64,7.28,9.08,,32.6,
Casava,41.78,5.97,0.26,51.07,100.0,500.0,60.0,,5.0,3.53,83.64,7.28,9.08,,31.3,
Casava,41.78,5.97,0.26,51.07,100.0,550.0,60.0,,5.0,3.53,83.64,7.28,9.08,,31.1,
Casava,41.78,5.97,0.26,51.07,100.0,600.0,60.0,,5.0,3.53,83.64,7.28,9.08,,29.9,
Casava,41.78,5.97,0.26,51.07,100.0,400.0,60.0,,5.0,3.53,83.64,7.28,9.08,,36.9,
Casava,41.78,5.97,0.26,51.07,100.0,400.0,60.0,,10.0,3.53,83.64,7.28,9.08,,35.1,
Casava,41.78,5.97,0.26,51.07,100.0,400.0,60.0,,15.0,3.53,83.64,7.28,9.08,,34.5,
Casava,41.78,5.97,0.26,51.07,100.0,400.0,60.0,,20.0,3.53,83.64,7.28,9.08,,34.2,
Casava,41.78,5.97,0.26,51.07,100.0,400.0,60.0,,25.0,3.53,83.64,7.28,9.08,,33.7,
Food Waste,40.8,4.1,3.9,42.0,20.0,300.0,30.0,0.03,5.0,8.7,77.2,9.0,5.1,1.0,52.4,25.7
Food Waste,40.8,4.1,3.9,42.0,20.0,400.0,30.0,0.03,5.0,8.7,77.2,9.0,5.1,1.0,34.5,29.5
Food Waste,40.8,4.1,3.9,42.0,20.0,500.0,30.0,0.03,5.0,8.7,77.2,9.0,5.1,1.0,32.6,42.5
Food Waste,40.8,4.1,3.9,42.0,20.0,600.0,30.0,0.03,5.0,8.7,77.2,9.0,5.1,1.0,30.6,36.4
Food Waste,40.8,4.1,3.9,42.0,20.0,600.0,30.0,0.03,5.0,8.7,77.2,9.0,5.1,1.0,30.7,36.4
Food Waste,40.8,4.1,3.9,42.0,20.0,600.0,40.0,0.03,5.0,8.7,77.2,9.0,5.1,1.0,29.1,35.8
Food Waste,40.8,4.1,3.9,42.0,20.0,600.0,50.0,0.03,5.0,8.7,77.2,9.0,5.1,1.0,28.7,33.4
Food Waste,40.8,4.1,3.9,42.0,20.0,600.0,60.0,0.03,5.0,8.7,77.2,9.0,5.1,1.0,28.4,32.4
Food Waste,40.8,4.1,3.9,42.0,20.0,600.0,60.0,0.03,5.0,8.7,77.2,9.0,5.1,1.0,28.4,32.4
Food Waste,40.8,4.1,3.9,42.0,20.0,600.0,60.0,0.03,10.0,8.7,77.2,9.0,5.1,1.0,27.1,30.5
Food Waste,40.8,4.1,3.9,42.0,20.0,600.0,60.0,0.03,15.0,8.7,77.2,9.0,5.1,1.0,24.6,34.2
Food Waste,40.8,4.1,3.9,42.0,20.0,600.0,60.0,0.03,20.0,8.7,77.2,9.0,5.1,1.0,22.0,35.8
Sewage Sludge,19.9,3.5,2.2,17.8,37.5,500.0,5.0,11.0,,50.0,43.5,55.5,1.0,1.5,62.4,0.283
Sewage Sludge,19.9,3.5,2.2,17.8,37.5,500.0,10.0,11.0,,50.0,43.5,55.5,1.0,1.5,63.6,0.413
Sewage Sludge,19.9,3.5,2.2,17.8,37.5,500.0,15.0,11.0,,50.0,43.5,55.5,1.0,1.5,55.2,0.956
Sewage Sludge,19.9,3.5,2.2,17.8,37.5,500.0,20.0,11.0,,50.0,43.5,55.5,1.0,1.5,53.8,1.07
Sewage Sludge,19.9,3.5,2.2,17.8,37.5,500.0,30.0,11.0,,50.0,43.5,55.5,1.0,1.5,50.3,1.33
Sewage Sludge,19.9,3.5,2.2,17.8,37.5,500.0,45.0,11.0,,50.0,43.5,55.5,1.0,1.5,40.6,1.19
Sewage Sludge,19.9,3.5,2.2,17.8,37.5,700.0,5.0,11.0,,50.0,43.5,55.5,1.0,1.5,59.0,0.156
Sewage Sludge,19.9,3.5,2.2,17.8,37.5,700.0,10.0,11.0,,50.0,43.5,55.5,1.0,1.5,55.9,0.312
Sewage Sludge,19.9,3.5,2.2,17.8,37.5,700.0,15.0,11.0,,50.0,43.5,55.5,1.0,1.5,52.7,0.494
Sewage Sludge,19.9,3.5,2.2,17.8,37.5,700.0,20.0,11.0,,50.0,43.5,55.5,1.0,1.5,45.2,0.753
Sewage Sludge,19.9,3.5,2.2,17.8,37.5,700.0,30.0,11.0,,50.0,43.5,55.5,1.0,1.5,44.7,0.779
Sewage Sludge,19.9,3.5,2.2,17.8,37.5,700.0,45.0,11.0,,50.0,43.5,55.5,1.0,1.5,36.3,1.03
Wood,47.7,6.39,0.128,40.0,14.08333333333333,500.0,1.0,3.0,,6.5,,0.57,,1.25,31.2,57.6
Wood,47.7,6.39,0.128,40.0,21.125,500.0,1.5,1.0,,6.5,,0.57,,1.25,24.6,61.9
Wood,47.7,6.39,0.128,40.0,21.125,500.0,1.5,5.0,,6.5,,0.57,,1.25,30.2,55.2
Wood,47.7,6.39,0.128,40.0,28.16666666666667,500.0,2.0,3.0,,6.5,,0.57,,1.25,23.4,63.6
Wood,47.7,6.39,0.128,40.0,14.08333333333333,575.0,1.0,1.0,,6.5,,0.57,,1.25,22.6,49.1
Wood,47.7,6.39,0.128,40.0,14.08333333333333,575.0,1.0,5.0,,6.5,,0.57,,1.25,22.2,56.8
Wood,47.7,6.39,0.128,40.0,21.125,575.0,1.5,3.0,,6.5,,0.57,,1.25,20.7,60.0
Wood,47.7,6.39,0.128,40.0,21.125,575.0,1.5,3.0,,6.5,,0.57,,1.25,20.6,60.6
Wood,47.7,6.39,0.128,40.0,21.125,575.0,1.5,3.0,,6.5,,0.57,,1.25,20.2,61.5
Wood,47.7,6.39,0.128,40.0,28.16666666666667,575.0,2.0,1.0,,6.5,,0.57,,1.25,21.2,58.8
Wood,47.7,6.39,0.128,40.0,28.16666666666667,575.0,2.0,5.0,,6.5,,0.57,,1.25,19.9,54.4
Wood,47.7,6.39,0.128,40.0,14.08333333333333,650.0,1.0,3.0,,6.5,,0.57,,1.25,18.3,56.0
Wood,47.7,6.39,0.128,40.0,21.125,650.0,1.5,1.0,,6.5,,0.57,,1.25,18.0,52.4
Wood,47.7,6.39,0.128,40.0,21.125,650.0,1.5,5.0,,6.5,,0.57,,1.25,17.5,48.8
Wood,47.7,6.39,0.128,40.0,28.16666666666667,650.0,2.0,3.0,,6.5,,0.57,,1.25,17.6,48.6
Manure,40.0,5.85,2.96,28.2,10.16666666666667,500.0,1.0,3.0,,13.0,,11.5,,1.25,41.6,42.8
Manure,40.0,5.85,2.96,28.2,15.25,500.0,1.5,1.0,,13.0,,11.5,,1.25,38.8,45.7
Manure,40.0,5.85,2.96,28.2,15.25,500.0,1.5,5.0,,13.0,,11.5,,1.25,40.4,39.3
Manure,40.0,5.85,2.96,28.2,20.33333333333333,500.0,2.0,3.0,,13.0,,11.5,,1.25,39.6,41.7
Manure,40.0,5.85,2.96,28.2,10.16666666666667,575.0,1.0,1.0,,13.0,,11.5,,1.25,36.7,46.7
Manure,40.0,5.85,2.96,28.2,10.16666666666667,575.0,1.0,5.0,,13.0,,11.5,,1.25,38.5,40.1
Manure,40.0,5.85,2.96,28.2,15.25,575.0,1.5,3.0,,13.0,,11.5,,1.25,35.8,42.3
Manure,40.0,5.85,2.96,28.2,15.25,575.0,1.5,3.0,,13.0,,11.5,,1.25,36.0,43.7
Manure,40.0,5.85,2.96,28.2,15.25,575.0,1.5,3.0,,13.0,,11.5,,1.25,34.8,43.6
Manure,40.0,5.85,2.96,28.2,20.33333333333333,575.0,2.0,1.0,,13.0,,11.5,,1.25,34.7,45.7
Manure,40.0,5.85,2.96,28.2,20.33333333333333,575.0,2.0,5.0,,13.0,,11.5,,1.25,35.9,38.6
Manure,40.0,5.85,2.96,28.2,10.16666666666667,650.0,1.0,3.0,,13.0,,11.5,,1.25,33.8,42.7
Manure,40.0,5.85,2.96,28.2,15.25,650.0,1.5,1.0,,13.0,,11.5,,1.25,32.4,44.0
Manure,40.0,5.85,2.96,28.2,15.25,650.0,1.5,5.0,,13.0,,11.5,,1.25,32.1,38.3
Manure,40.0,5.85,2.96,28.2,20.33333333333333,650.0,2.0,3.0,,13.0,,11.5,,1.25,32.6,39.1
Switchgrass,45.8,3.23,0.425,42.5,9.5,450.0,1.0,3.0,,7.2,,1.6,,1.25,25.6,57.8
Switchgrass,45.8,3.23,0.425,42.5,14.25,450.0,1.5,1.0,,7.2,,1.6,,1.25,26.4,59.2
Switchgrass,45.8,3.23,0.425,42.5,14.25,450.0,1.5,5.0,,7.2,,1.6,,1.25,24.9,60.1
Switchgrass,45.8,3.23,0.425,42.5,19.0,450.0,2.0,3.0,,7.2,,1.6,,1.25,24.4,59.4
Switchgrass,45.8,3.23,0.425,42.5,9.5,525.0,1.0,1.0,,7.2,,1.6,,1.25,20.5,61.4
Switchgrass,45.8,3.23,0.425,42.5,9.5,525.0,1.0,5.0,,7.2,,1.6,,1.25,19.9,55.0
Switchgrass,45.8,3.23,0.425,42.5,14.25,525.0,1.5,3.0,,7.2,,1.6,,1.25,20.2,58.3
Switchgrass,45.8,3.23,0.425,42.5,14.25,525.0,1.5,3.0,,7.2,,1.6,,1.25,21.3,58.5
Switchgrass,45.8,3.23,0.425,42.5,14.25,525.0,1.5,3.0,,7.2,,1.6,,1.25,20.0,59.0
Switchgrass,45.8,3.23,0.425,42.5,19.0,525.0,2.0,1.0,,7.2,,1.6,,1.25,21.9,56.8
Switchgrass,45.8,3.23,0.425,42.5,19.0,525.0,2.0,5.0,,7.2,,1.6,,1.25,20.9,54.5
Switchgrass,45.8,3.23,0.425,42.5,9.5,600.0,1.0,3.0,,7.2,,1.6,,1.25,16.8,51.5
Switchgrass,45.8,3.23,0.425,42.5,14.25,600.0,1.5,1.0,,7.2,,1.6,,1.25,18.7,48.9
Switchgrass,45.8,3.23,0.425,42.5,14.25,600.0,1.5,5.0,,7.2,,1.6,,1.25,17.3,44.8
Switchgrass,45.8,3.23,0.425,42.5,19.0,600.0,2.0,3.0,,7.2,,1.6,,1.25,18.5,48.1
Jatropha Cake,53.39,6.81,0.45,29.27,,350.0,,2.0,,0.44,79.2,1.5,18.86,1.84,48.3,18.1
Jatropha Cake,53.39,6.81,0.45,29.27,,400.0,,2.0,,0.44,79.2,1.5,18.86,1.84,42.5,25.3
Jatropha Cake,53.39,6.81,0.45,29.27,,450.0,,2.0,,0.44,79.2,1.5,18.86,1.84,37.8,29.1
Jatropha Cake,53.39,6.81,0.45,29.27,,500.0,,2.0,,0.44,79.2,1.5,18.86,1.84,36.8,31.2
Jatropha Cake,53.39,6.81,0.45,29.27,,550.0,,2.0,,0.44,79.2,1.5,18.86,1.84,35.2,27.7
Jatropha Cake,53.39,6.81,0.45,29.27,,600.0,,2.0,,0.44,79.2,1.5,18.86,1.84,34.1,25.5
Jatropha Cake,53.39,6.81,0.45,29.27,,650.0,,2.0,,0.44,79.2,1.5,18.86,1.84,32.9,26.7
Jatropha Cake,53.39,6.81,0.45,29.27,,700.0,,2.0,,0.44,79.2,1.5,18.86,1.84,32.0,27.9
Cellulose,39.63,5.31,0.0,49.88,10.0,350.0,50.0,0.3,,4.96,89.87,0.21,4.96,0.55,27.4,62.1
Cellulose,39.63,5.31,0.0,49.88,10.0,400.0,50.0,0.3,,4.96,89.87,0.21,4.96,0.55,22.8,65.4
Cellulose,39.63,5.31,0.0,49.88,10.0,450.0,50.0,0.3,,4.96,89.87,0.21,4.96,0.55,18.4,65.4
Cellulose,39.63,5.31,0.0,49.88,10.0,500.0,50.0,0.3,,4.96,89.87,0.21,4.96,0.55,17.9,61.7
Cellulose,39.63,5.31,0.0,49.88,10.0,550.0,50.0,0.3,,4.96,89.87,0.21,4.96,0.55,14.6,59.7
Cellulose,39.63,5.31,0.0,49.88,10.0,600.0,50.0,0.3,,4.96,89.87,0.21,4.96,0.55,12.5,51.4
Cellulose,39.63,5.31,0.0,49.88,10.0,650.0,50.0,0.3,,4.96,89.87,0.21,4.96,0.55,11.4,44.6
Hemicellulose(xylan),38.03,5.31,0.03,43.1,10.0,350.0,50.0,0.3,,10.7,73.37,2.83,13.1,0.55,32.3,50.1
Hemicellulose(xylan),38.03,5.31,0.03,43.1,10.0,400.0,50.0,0.3,,10.7,73.37,2.83,13.1,0.55,28.4,52.6
Hemicellulose(xylan),38.03,5.31,0.03,43.1,10.0,450.0,50.0,0.3,,10.7,73.37,2.83,13.1,0.55,26.1,52.8
Hemicellulose(xylan),38.03,5.31,0.03,43.1,10.0,500.0,50.0,0.3,,10.7,73.37,2.83,13.1,0.55,24.3,48.9
Hemicellulose(xylan),38.03,5.31,0.03,43.1,10.0,550.0,50.0,0.3,,10.7,73.37,2.83,13.1,0.55,22.0,49.9
Hemicellulose(xylan),38.03,5.31,0.03,43.1,10.0,600.0,50.0,0.3,,10.7,73.37,2.83,13.1,0.55,21.0,47.0
Hemicellulose(xylan),38.03,5.31,0.03,43.1,10.0,650.0,50.0,0.3,,10.7,73.37,2.83,13.1,0.55,20.5,43.7
Lignin,61.45,5.54,0.92,23.98,10.0,350.0,50.0,0.3,,3.99,63.39,2.63,29.99,0.55,68.9,23.0
Lignin,61.45,5.54,0.92,23.98,10.0,400.0,50.0,0.3,,3.99,63.39,2.63,29.99,0.55,57.8,35.2
Lignin,61.45,5.54,0.92,23.98,10.0,450.0,50.0,0.3,,3.99,63.39,2.63,29.99,0.55,52.6,36.3
Lignin,61.45,5.54,0.92,23.98,10.0,500.0,50.0,0.3,,3.99,63.39,2.63,29.99,0.55,47.2,39.6
Lignin,61.45,5.54,0.92,23.98,10.0,550.0,50.0,0.3,,3.99,63.39,2.63,29.99,0.55,46.8,38.3
Lignin,61.45,5.54,0.92,23.98,10.0,600.0,50.0,0.3,,3.99,63.39,2.63,29.99,0.55,44.3,35.2
Lignin,61.45,5.54,0.92,23.98,10.0,650.0,50.0,0.3,,3.99,63.39,2.63,29.99,0.55,39.8,33.6
Rice Husk,35.22,4.57,0.79,34.92,10.0,350.0,50.0,0.3,,7.07,61.28,17.43,14.22,0.55,59.5,32.8
Rice Husk,35.22,4.57,0.79,34.92,10.0,400.0,50.0,0.3,,7.07,61.28,17.43,14.22,0.55,47.5,45.7
Rice Husk,35.22,4.57,0.79,34.92,10.0,450.0,50.0,0.3,,7.07,61.28,17.43,14.22,0.55,44.9,43.7
Rice Husk,35.22,4.57,0.79,34.92,10.0,500.0,50.0,0.3,,7.07,61.28,17.43,14.22,0.55,44.1,40.6
Rice Husk,35.22,4.57,0.79,34.92,10.0,550.0,50.0,0.3,,7.07,61.28,17.43,14.22,0.55,43.0,38.1
Rice Husk,35.22,4.57,0.79,34.92,10.0,600.0,50.0,0.3,,7.07,61.28,17.43,14.22,0.55,42.1,35.8
Rice Husk,35.22,4.57,0.79,34.92,10.0,650.0,50.0,0.3,,7.07,61.28,17.43,14.22,0.55,38.7,34.6
Corncob,39.24,4.92,0.81,42.52,10.0,350.0,50.0,0.3,,9.36,70.74,3.15,16.75,0.55,49.4,43.9
Corncob,39.24,4.92,0.81,42.52,10.0,400.0,50.0,0.3,,9.36,70.74,3.15,16.75,0.55,41.7,48.9
Corncob,39.24,4.92,0.81,42.52,10.0,450.0,50.0,0.3,,9.36,70.74,3.15,16.75,0.55,35.3,54.1
Corncob,39.24,4.92,0.81,42.52,10.0,500.0,50.0,0.3,,9.36,70.74,3.15,16.75,0.55,33.6,51.2
Corncob,39.24,4.92,0.81,42.52,10.0,550.0,50.0,0.3,,9.36,70.74,3.15,16.75,0.55,32.0,49.2
Corncob,39.24,4.92,0.81,42.52,10.0,600.0,50.0,0.3,,9.36,70.74,3.15,16.75,0.55,30.4,46.0
Corncob,39.24,4.92,0.81,42.52,10.0,650.0,50.0,0.3,,9.36,70.74,3.15,16.75,0.55,29.5,44.4
Peanut Shell,35.07,4.89,1.26,40.62,10.0,350.0,50.0,0.3,,11.58,64.35,6.58,17.5,0.55,39.4,48.5
Peanut Shell,35.07,4.89,1.26,40.62,10.0,400.0,50.0,0.3,,11.58,64.35,6.58,17.5,0.55,35.9,50.5
Peanut Shell,35.07,4.89,1.26,40.62,10.0,450.0,50.0,0.3,,11.58,64.35,6.58,17.5,0.55,32.6,51.4
Peanut Shell,35.07,4.89,1.26,40.62,10.0,500.0,50.0,0.3,,11.58,64.35,6.58,17.5,0.55,31.3,49.9
Peanut Shell,35.07,4.89,1.26,40.62,10.0,550.0,50.0,0.3,,11.58,64.35,6.58,17.5,0.55,30.1,48.2
Peanut Shell,35.07,4.89,1.26,40.62,10.0,600.0,50.0,0.3,,11.58,64.35,6.58,17.5,0.55,28.3,45.7
Peanut Shell,35.07,4.89,1.26,40.62,10.0,650.0,50.0,0.3,,11.58,64.35,6.58,17.5,0.55,28.6,41.5
Corncob,47.9,6.75,0.35,41.25,20.0,516.0,15.0,1.0,10.0,6.29,74.46,5.48,20.06,0.841,26.5,25.0
Corncob,47.9,6.75,0.35,41.25,20.0,550.0,10.0,1.0,10.0,6.29,74.46,5.48,20.06,0.841,25.0,30.5
Corncob,47.9,6.75,0.35,41.25,20.0,550.0,10.0,1.0,10.0,6.29,74.46,5.48,20.06,0.841,25.7,32.6
Corncob,47.9,6.75,0.35,41.25,20.0,550.0,20.0,1.0,10.0,6.29,74.46,5.48,20.06,0.841,25.1,31.6
Corncob,47.9,6.75,0.35,41.25,20.0,550.0,20.0,1.0,10.0,6.29,74.46,5.48,20.06,0.841,25.3,31.3
Corncob,47.9,6.75,0.35,41.25,20.0,600.0,6.7,1.0,10.0,6.29,74.46,5.48,20.06,0.841,23.8,26.5
Corncob,47.9,6.75,0.35,41.25,20.0,600.0,15.0,1.0,10.0,6.29,74.46,5.48,20.06,0.841,24.0,33.8
Corncob,47.9,6.75,0.35,41.25,20.0,600.0,15.0,1.0,10.0,6.29,74.46,5.48,20.06,0.841,25.7,32.3
Corncob,47.9,6.75,0.35,41.25,20.0,600.0,15.0,1.0,10.0,6.29,74.46,5.48,20.06,0.841,26.2,33.2
Corncob,47.9,6.75,0.35,41.25,20.0,600.0,15.0,1.0,10.0,6.29,74.46,5.48,20.06,0.841,26.2,32.4
Corncob,47.9,6.75,0.35,41.25,20.0,600.0,15.0,1.0,10.0,6.29,74.46,5.48,20.06,0.841,26.1,32.8
Corncob,47.9,6.75,0.35,41.25,20.0,600.0,15.0,1.0,10.0,6.29,74.46,5.48,20.06,0.841,26.2,32.9
Corncob,47.9,6.75,0.35,41.25,20.0,600.0,15.0,1.0,10.0,6.29,74.46,5.48,20.06,0.841,26.1,33.2
Corncob,47.9,6.75,0.35,41.25,20.0,600.0,15.0,1.0,10.0,6.29,74.46,5.48,20.06,0.841,25.5,35.1
Corncob,47.9,6.75,0.35,41.25,20.0,600.0,23.4,1.0,10.0,6.29,74.46,5.48,20.06,0.841,23.4,26.4
Corncob,47.9,6.75,0.35,41.25,20.0,650.0,10.0,1.0,10.0,6.29,74.46,5.48,20.06,0.841,25.2,35.8
Corncob,47.9,6.75,0.35,41.25,20.0,650.0,10.0,1.0,10.0,6.29,74.46,5.48,20.06,0.841,25.1,32.1
Corncob,47.9,6.75,0.35,41.25,20.0,650.0,20.0,1.0,10.0,6.29,74.46,5.48,20.06,0.841,24.6,32.7
Corncob,47.9,6.75,0.35,41.25,20.0,650.0,20.0,1.0,10.0,6.29,74.46,5.48,20.06,0.841,24.6,30.3
Corncob,47.9,6.75,0.35,41.25,20.0,684.1,15.0,1.0,10.0,6.29,74.46,5.48,20.06,0.841,24.0,29.9
Walnut Shell,48.38,6.39,0.15,44.17,5.0,400.0,30.0,0.15,10.0,1.0,82.14,0.04,,0.4,33.9,
Walnut Shell,48.38,6.39,0.15,44.17,5.0,500.0,30.0,0.15,10.0,1.0,82.14,0.04,,0.4,29.0,
Walnut Shell,48.38,6.39,0.15,44.17,5.0,600.0,30.0,0.15,10.0,1.0,82.14,0.04,,0.4,26.1,
Walnut Shell,48.38,6.39,0.15,44.17,5.0,700.0,30.0,0.15,10.0,1.0,82.14,0.04,,0.4,25.0,
Walnut Shell,48.38,6.39,0.15,44.17,5.0,800.0,30.0,0.15,10.0,1.0,82.14,0.04,,0.4,24.7,
Algae,45.78,7.22,3.06,43.6,,512.5,60.0,0.5,20.0,6.1,60.61,25.09,8.2,1.5,45.24,31.97
Algae,45.78,7.22,3.06,43.6,,575.0,45.0,0.5,20.0,6.1,60.61,25.09,8.2,1.5,42.0,40.72
Algae,45.78,7.22,3.06,43.6,,512.5,30.0,0.1,20.0,6.1,60.61,25.09,8.2,1.5,54.58,29.0
Algae,45.78,7.22,3.06,43.6,,512.5,60.0,0.1,20.0,6.1,60.61,25.09,8.2,1.5,47.24,29.45
Algae,45.78,7.22,3.06,43.6,,450.0,45.0,0.1,20.0,6.1,60.61,25.09,8.2,1.5,54.14,26.33
Algae,45.78,7.22,3.06,43.6,,450.0,60.0,0.3,20.0,6.1,60.61,25.09,8.2,1.5,52.15,27.0
Algae,45.78,7.22,3.06,43.6,,575.0,45.0,0.1,20.0,6.1,60.61,25.09,8.2,1.5,43.03,39.05
Algae,45.78,7.22,3.06,43.6,,512.5,45.0,0.3,20.0,6.1,60.61,25.09,8.2,1.5,48.78,31.8
Algae,45.78,7.22,3.06,43.6,,450.0,45.0,0.5,20.0,6.1,60.61,25.09,8.2,1.5,53.02,28.14
Algae,45.78,7.22,3.06,43.6,,512.5,45.0,0.3,20.0,6.1,60.61,25.09,8.2,1.5,48.78,31.8
Algae,45.78,7.22,3.06,43.6,,575.0,60.0,0.3,20.0,6.1,60.61,25.09,8.2,1.5,37.7,40.6
Algae,45.78,7.22,3.06,43.6,,512.5,30.0,0.5,20.0,6.1,60.61,25.09,8.2,1.5,53.52,30.71
Algae,45.78,7.22,3.06,43.6,,575.0,30.0,0.3,20.0,6.1,60.61,25.09,8.2,1.5,47.05,36.63
Algae,45.78,7.22,3.06,43.6,,512.5,45.0,0.3,20.0,6.1,60.61,25.09,8.2,1.5,48.78,31.8
Algae,45.78,7.22,3.06,43.6,,450.0,30.0,0.3,20.0,6.1,60.61,25.09,8.2,1.5,59.66,24.39
Corncob,48.12,6.48,1.89,43.51,50.0,400.0,30.0,0.52,15.0,11.7,78.70894677,3.284258211,18.00679502,2.0,30.8,
Corncob,48.12,6.48,1.89,43.51,50.0,400.0,60.0,0.52,10.0,11.7,78.70894677,3.284258211,18.00679502,2.0,26.6,
Corncob,48.12,6.48,1.89,43.51,50.0,400.0,90.0,0.52,5.0,11.7,78.70894677,3.284258211,18.00679502,2.0,26.77,
Corncob,48.12,6.48,1.89,43.51,50.0,500.0,30.0,0.52,15.0,11.7,78.70894677,3.284258211,18.00679502,2.0,23.57,
Corncob,48.12,6.48,1.89,43.51,50.0,500.0,60.0,0.52,10.0,11.7,78.70894677,3.284258211,18.00679502,2.0,25.32,
Corncob,48.12,6.48,1.89,43.51,50.0,500.0,90.0,0.52,5.0,11.7,78.70894677,3.284258211,18.00679502,2.0,25.4,
Corncob,48.12,6.48,1.89,43.51,50.0,600.0,30.0,0.52,15.0,11.7,78.70894677,3.284258211,18.00679502,2.0,22.37,
Corncob,48.12,6.48,1.89,43.51,50.0,600.0,60.0,0.52,10.0,11.7,78.70894677,3.284258211,18.00679502,2.0,24.9,
Corncob,48.12,6.48,1.89,43.51,50.0,600.0,90.0,0.52,5.0,11.7,78.70894677,3.284258211,18.00679502,2.0,24.67,
Corncob,48.12,6.48,1.89,43.51,50.0,300.0,60.0,0.52,15.0,11.7,78.70894677,3.284258211,18.00679502,2.0,77.3,
Corncob,48.12,6.48,1.89,43.51,50.0,400.0,60.0,0.52,15.0,11.7,78.70894677,3.284258211,18.00679502,2.0,36.9,
Corncob,48.12,6.48,1.89,43.51,50.0,500.0,60.0,0.52,15.0,11.7,78.70894677,3.284258211,18.00679502,2.0,23.3,
Corncob,48.12,6.48,1.89,43.51,50.0,600.0,60.0,0.52,15.0,11.7,78.70894677,3.284258211,18.00679502,2.0,21.7,
Corncob,42.1,5.9,0.5,,10.0,300.0,60.0,0.051,20.0,12.77,91.16,2.3,6.54,1.25,33.0,42.8
Corncob,42.1,5.9,0.5,,10.0,350.0,60.0,0.051,20.0,12.77,91.16,2.3,6.54,1.25,25.0,45.0
Corncob,42.1,5.9,0.5,,10.0,400.0,60.0,0.051,20.0,12.77,91.16,2.3,6.54,1.25,24.3,45.6
Corncob,42.1,5.9,0.5,,10.0,450.0,60.0,0.051,20.0,12.77,91.16,2.3,6.54,1.25,24.0,47.3
Corncob,43.81,6.54,0.77,48.19,100.0,400.0,60.0,,5.0,7.14,87.76,1.05,11.19,,34.21,
Corncob,43.81,6.54,0.77,48.19,100.0,450.0,60.0,,5.0,7.14,87.76,1.05,11.19,,31.89,
Corncob,43.81,6.54,0.77,48.19,100.0,500.0,60.0,,5.0,7.14,87.76,1.05,11.19,,29.06,
Corncob,43.81,6.54,0.77,48.19,100.0,550.0,60.0,,5.0,7.14,87.76,1.05,11.19,,27.88,
Corncob,43.81,6.54,0.77,48.19,100.0,600.0,60.0,,5.0,7.14,87.76,1.05,11.19,,26.12,
Corncob,41.0,7.17,0.99,33.24,30.0,300.0,30.0,0.1,10.0,,78.49844036,6.120253845,15.3813058,0.425,62.89,
Corncob,41.0,7.17,0.99,33.24,30.0,400.0,30.0,0.1,10.0,,78.49844036,6.120253845,15.3813058,0.425,41.58,
Corncob,41.0,7.17,0.99,33.24,30.0,500.0,30.0,0.1,10.0,,78.49844036,6.120253845,15.3813058,0.425,34.79,
Corncob,41.0,7.17,0.99,33.24,30.0,600.0,30.0,0.1,10.0,,78.49844036,6.120253845,15.3813058,0.425,36.85,
Corncob,41.0,7.17,0.99,33.24,30.0,700.0,30.0,0.1,10.0,,78.49844036,6.120253845,15.3813058,0.425,32.62,
Corncob,43.28,5.92,1.96,39.32,20.0,300.0,30.0,0.1,10.0,,82.21,8.86,8.93,0.9,62.73,29.02
Corncob,43.28,5.92,1.96,39.32,20.0,350.0,30.0,0.1,10.0,,82.21,8.86,8.93,0.9,46.6,41.12
Corncob,43.28,5.92,1.96,39.32,20.0,400.0,30.0,0.1,10.0,,82.21,8.86,8.93,0.9,41.08,42.96
Corncob,43.28,5.92,1.96,39.32,20.0,450.0,30.0,0.1,10.0,,82.21,8.86,8.93,0.9,37.79,44.04
Corncob,43.28,5.92,1.96,39.32,20.0,500.0,30.0,0.1,10.0,,82.21,8.86,8.93,0.9,35.86,43.92
Corncob,43.28,5.92,1.96,39.32,20.0,550.0,30.0,0.1,10.0,,82.21,8.86,8.93,0.9,35.02,42.28
Corncob,43.28,5.92,1.96,39.32,20.0,600.0,30.0,0.1,10.0,,82.21,8.86,8.93,0.9,35.79,39.91
Coconut Waste,64.23,6.89,0.77,27.61,15.0,450.0,1.0,0.1015,20.0,10.1,83.98220245,3.559510567,12.45828699,0.75,32.48,38.2
Coconut Waste,64.23,6.89,0.77,27.61,15.0,475.0,1.0,0.1015,20.0,10.1,83.98220245,3.559510567,12.45828699,0.75,31.32,41.9
Coconut Waste,64.23,6.89,0.77,27.61,15.0,500.0,1.0,0.1015,20.0,10.1,83.98220245,3.559510567,12.45828699,0.75,29.38,43.75
Coconut Waste,64.23,6.89,0.77,27.61,15.0,525.0,1.0,0.1015,20.0,10.1,83.98220245,3.559510567,12.45828699,0.75,29.08,44.1
Coconut Waste,64.23,6.89,0.77,27.61,15.0,550.0,1.0,0.1015,20.0,10.1,83.98220245,3.559510567,12.45828699,0.75,27.46,45.6
Coconut Waste,64.23,6.89,0.77,27.61,15.0,575.0,1.0,0.1015,20.0,10.1,83.98220245,3.559510567,12.45828699,0.75,26.98,49.6
Coconut Waste,64.23,6.89,0.77,27.61,15.0,600.0,1.0,0.1015,20.0,10.1,83.98220245,3.559510567,12.45828699,0.75,25.66,43.55
Coconut Waste,47.75,5.61,0.9,45.51,,200.0,20.0,0.03,15.0,,80.85,8.05,11.1,,83.11,
Coconut Waste,47.75,5.61,0.9,45.51,,225.0,20.0,0.03,15.0,,80.85,8.05,11.1,,80.13,
Coconut Waste,47.75,5.61,0.9,45.51,,250.0,20.0,0.03,15.0,,80.85,8.05,11.1,,69.19,
Coconut Waste,47.75,5.61,0.9,45.51,,275.0,20.0,0.03,15.0,,80.85,8.05,11.1,,63.87,
Coconut Waste,47.75,5.61,0.9,45.51,,300.0,20.0,0.03,15.0,,80.85,8.05,11.1,,55.65,
Coconut Waste,47.75,5.61,0.9,45.51,,330.0,20.0,0.03,15.0,,80.85,8.05,11.1,,50.21,
Wheat Straw,38.34,5.47,0.6,,10.0,300.0,60.0,0.051,20.0,12.81,83.08,6.63,10.29,1.25,36.1,32.5
Wheat Straw,38.34,5.47,0.6,,10.0,350.0,60.0,0.051,20.0,12.81,83.08,6.63,10.29,1.25,34.6,36.0
Wheat Straw,38.34,5.47,0.6,,10.0,400.0,60.0,0.051,20.0,12.81,83.08,6.63,10.29,1.25,34.4,36.7
Wheat Straw,38.34,5.47,0.6,,10.0,450.0,60.0,0.051,20.0,12.81,83.08,6.63,10.29,1.25,32.4,29.2
Wheat Straw,41.4,5.6,0.0,53.1,15.0,350.0,20.0,0.33,5.0,4.1,75.3,6.3,14.4,2.5,38.9,34.9
Wheat Straw,41.4,5.6,0.0,53.1,15.0,450.0,20.0,0.33,5.0,4.1,75.3,6.3,14.4,2.5,31.2,40.9
Wheat Straw,41.4,5.6,0.0,53.1,15.0,550.0,20.0,0.33,5.0,4.1,75.3,6.3,14.4,2.5,30.1,40.1
Wheat Straw,41.4,5.6,0.0,53.1,15.0,650.0,20.0,0.33,5.0,4.1,75.3,6.3,14.4,2.5,29.5,40.7
Wheat Straw,42.95,5.64,0.76,40.51,20.0,300.0,30.0,,10.0,,80.7,9.37,9.93,0.9,69.7,21.5
Wheat Straw,42.95,5.64,0.76,40.51,20.0,350.0,30.0,,10.0,,80.7,9.37,9.93,0.9,49.11,39.21
Wheat Straw,42.95,5.64,0.76,40.51,20.0,400.0,30.0,,10.0,,80.7,9.37,9.93,0.9,40.13,44.7
Wheat Straw,42.95,5.64,0.76,40.51,20.0,450.0,30.0,,10.0,,80.7,9.37,9.93,0.9,37.56,44.16
Wheat Straw,42.95,5.64,0.76,40.51,20.0,500.0,30.0,,10.0,,80.7,9.37,9.93,0.9,34.06,46.76
Wheat Straw,42.95,5.64,0.76,40.51,20.0,550.0,30.0,,10.0,,80.7,9.37,9.93,0.9,33.52,44.13
Wheat Straw,42.95,5.64,0.76,40.51,20.0,600.0,30.0,,10.0,,80.7,9.37,9.93,0.9,33.64,42.33
Wheat Straw,37.83,10.18,1.31,36.74,30.0,300.0,30.0,0.1,10.0,,75.65782465,9.225524662,15.11665069,0.43,62.21,
Wheat Straw,37.83,10.18,1.31,36.74,30.0,400.0,30.0,0.1,10.0,,75.65782465,9.225524662,15.11665069,0.43,40.0,
Wheat Straw,37.83,10.18,1.31,36.74,30.0,500.0,30.0,0.1,10.0,,75.65782465,9.225524662,15.11665069,0.43,36.56,
Wheat Straw,37.83,10.18,1.31,36.74,30.0,600.0,30.0,0.1,10.0,,75.65782465,9.225524662,15.11665069,0.43,32.65,
Wheat Straw,37.83,10.18,1.31,36.74,30.0,700.0,30.0,0.1,10.0,,75.65782465,9.225524662,15.11665069,0.43,30.98,
Rice Husk,41.92,6.34,1.85,,10.0,300.0,60.0,0.051,20.0,10.89,73.41734173,15.14151415,11.44114411,1.25,43.3,35.9
Rice Husk,41.92,6.34,1.85,,10.0,350.0,60.0,0.051,20.0,10.89,73.41734173,15.14151415,11.44114411,1.25,37.2,36.2
Rice Husk,41.92,6.34,1.85,,10.0,400.0,60.0,0.051,20.0,10.89,73.41734173,15.14151415,11.44114411,1.25,35.3,37.5
Rice Husk,41.92,6.34,1.85,,10.0,450.0,60.0,0.051,20.0,10.89,73.41734173,15.14151415,11.44114411,1.25,35.0,38.1
Rice Husk,36.07,5.2,0.64,,10.0,300.0,60.0,0.051,20.0,11.69,78.07,15.0,6.93,1.25,35.1,25.9
Rice Husk,36.07,5.2,0.64,,10.0,350.0,60.0,0.051,20.0,11.69,78.07,15.0,6.93,1.25,35.0,27.1
Rice Husk,36.07,5.2,0.64,,10.0,400.0,60.0,0.051,20.0,11.69,78.07,15.0,6.93,1.25,33.5,28.4
Rice Husk,36.07,5.2,0.64,,10.0,450.0,60.0,0.051,20.0,11.69,78.07,15.0,6.93,1.25,33.1,27.1
Rice Husk,40.06,5.47,0.69,40.23,20.0,300.0,30.0,,10.0,,76.87,13.07,10.06,0.9,74.49,18.08
Rice Husk,40.06,5.47,0.69,40.23,20.0,350.0,30.0,,10.0,,76.87,13.07,10.06,0.9,53.68,35.56
Rice Husk,40.06,5.47,0.69,40.23,20.0,400.0,30.0,,10.0,,76.87,13.07,10.06,0.9,43.73,41.56
Rice Husk,40.06,5.47,0.69,40.23,20.0,450.0,30.0,,10.0,,76.87,13.07,10.06,0.9,39.98,41.25
Rice Husk,40.06,5.47,0.69,40.23,20.0,500.0,30.0,,10.0,,76.87,13.07,10.06,0.9,37.5,42.87
Rice Husk,40.06,5.47,0.69,40.23,20.0,550.0,30.0,,10.0,,76.87,13.07,10.06,0.9,36.64,40.54
Rice Husk,40.06,5.47,0.69,40.23,20.0,600.0,30.0,,10.0,,76.87,13.07,10.06,0.9,35.59,40.31
Rice Husk,40.06,5.47,0.69,40.23,20.0,300.0,30.0,,10.0,,76.86,12.98,10.16,0.9,74.32,22.9
Rice Husk,40.06,5.47,0.69,40.23,20.0,350.0,30.0,,10.0,,76.86,12.98,10.16,0.9,45.39,43.2
Rice Husk,40.06,5.47,0.69,40.23,20.0,400.0,30.0,,10.0,,76.86,12.98,10.16,0.9,43.21,42.9
Rice Husk,40.06,5.47,0.69,40.23,20.0,450.0,30.0,,10.0,,76.86,12.98,10.16,0.9,38.88,45.2
Rice Husk,40.06,5.47,0.69,40.23,20.0,500.0,30.0,,10.0,,76.86,12.98,10.16,0.9,37.21,42.7
Rice Husk,40.06,5.47,0.69,40.23,20.0,550.0,30.0,,10.0,,76.86,12.98,10.16,0.9,36.69,41.6
Rice Husk,40.06,5.47,0.69,40.23,20.0,600.0,30.0,,10.0,,76.86,12.98,10.16,0.9,36.88,40.1
Rice Husk,38.62,6.1,1.6,32.88,30.0,300.0,30.0,0.1,10.0,,71.9400765,14.63025924,13.42966426,0.43,72.32,
Rice Husk,38.62,6.1,1.6,32.88,30.0,400.0,30.0,0.1,10.0,,71.9400765,14.63025924,13.42966426,0.43,44.56,
Rice Husk,38.62,6.1,1.6,32.88,30.0,500.0,30.0,0.1,10.0,,71.9400765,14.63025924,13.42966426,0.43,39.15,
Rice Husk,38.62,6.1,1.6,32.88,30.0,600.0,30.0,0.1,10.0,,71.9400765,14.63025924,13.42966426,0.43,37.89,
Rice Husk,38.62,6.1,1.6,32.88,30.0,700.0,30.0,0.1,10.0,,71.9400765,14.63025924,13.42966426,0.43,36.12,
Pine,49.5,5.9,0.0,44.7,40.0,350.0,20.0,0.33,5.0,3.3,73.2,2.0,21.6,9.5,48.7,30.6
Pine,49.5,5.9,0.0,44.7,40.0,450.0,20.0,0.33,5.0,3.3,73.2,2.0,21.6,9.5,36.6,41.5
Pine,49.5,5.9,0.0,44.7,40.0,550.0,20.0,0.33,5.0,3.3,73.2,2.0,21.6,9.5,33.2,43.1
Pine,49.5,5.9,0.0,44.7,40.0,650.0,20.0,0.33,5.0,3.3,73.2,2.0,21.6,9.5,29.1,43.3
Pine,49.5,5.9,0.0,44.7,40.0,350.0,20.0,0.33,100.0,3.3,73.2,2.0,21.6,9.5,46.5,34.3
Pine,49.5,5.9,0.0,44.7,40.0,450.0,20.0,0.33,100.0,3.3,73.2,2.0,21.6,9.5,31.4,39.3
Pine,49.5,5.9,0.0,44.7,40.0,550.0,20.0,0.33,100.0,3.3,73.2,2.0,21.6,9.5,27.1,36.7
Pine,49.5,5.9,0.0,44.7,40.0,650.0,20.0,0.33,100.0,3.3,73.2,2.0,21.6,9.5,24.5,40.3
Wood,49.1,5.55,0.45,44.9,7.2,400.0,30.0,0.1,20.0,3.66,82.74859871,0.52937513,16.72202616,0.165,27.02,
Wood,49.1,5.55,0.45,44.9,7.2,500.0,30.0,0.1,20.0,3.66,82.74859871,0.52937513,16.72202616,0.165,25.98,
Wood,49.1,5.55,0.45,44.9,7.2,600.0,30.0,0.1,20.0,3.66,82.74859871,0.52937513,16.72202616,0.165,23.12,
Wood,49.1,5.55,0.45,44.9,7.2,700.0,30.0,0.1,20.0,3.66,82.74859871,0.52937513,16.72202616,0.165,22.08,
Wood,49.1,5.55,0.45,44.9,7.2,800.0,30.0,0.1,20.0,3.66,82.74859871,0.52937513,16.72202616,0.165,20.78,
Wood,48.15,6.7,1.35,43.6,,250.0,20.0,,15.0,,85.45,1.4,13.15,,79.19,
Wood,48.15,6.7,1.35,43.6,,275.0,20.0,,15.0,,85.45,1.4,13.15,,72.0,
Wood,48.15,6.7,1.35,43.6,,300.0,20.0,,15.0,,85.45,1.4,13.15,,65.16,
Wood,48.15,6.7,1.35,43.6,,330.0,20.0,,15.0,,85.45,1.4,13.15,,61.42,
Bamboo,50.21,5.63,1.23,42.93,50.0,300.0,10.0,0.5,10.0,0.57,82.71604938,1.234567901,16.04938272,0.315,49.3,26.5
Bamboo,50.21,5.63,1.23,42.93,50.0,400.0,10.0,0.5,10.0,0.57,82.71604938,1.234567901,16.04938272,0.315,30.7,35.2
Bamboo,50.21,5.63,1.23,42.93,50.0,500.0,10.0,0.5,10.0,0.57,82.71604938,1.234567901,16.04938272,0.315,26.0,36.6
Bamboo,50.21,5.63,1.23,42.93,50.0,600.0,10.0,0.5,10.0,0.57,82.71604938,1.234567901,16.04938272,0.315,24.3,36.1
Bamboo,50.21,5.63,1.23,42.93,50.0,700.0,10.0,0.5,10.0,0.57,82.71604938,1.234567901,16.04938272,0.315,23.6,34.1
Bamboo,47.66,6.18,0.15,46.01,5.0,300.0,60.0,0.3,10.0,,81.26,1.6,17.14,0.08549999999999999,46.67,
Bamboo,47.66,6.18,0.15,46.01,5.0,400.0,60.0,0.3,10.0,,81.26,1.6,17.14,0.08549999999999999,33.07,
Bamboo,47.66,6.18,0.15,46.01,5.0,500.0,60.0,0.3,10.0,,81.26,1.6,17.14,0.08549999999999999,29.43,
Bamboo,47.66,6.18,0.15,46.01,5.0,600.0,60.0,0.3,10.0,,81.26,1.6,17.14,0.08549999999999999,27.84,
Bamboo,47.66,6.18,0.15,46.01,5.0,700.0,60.0,0.3,10.0,,81.26,1.6,17.14,0.08549999999999999,27.1,
Bamboo,47.66,6.18,0.15,46.01,5.0,800.0,60.0,0.3,10.0,,81.26,1.6,17.14,0.08549999999999999,26.3,
Orange Pomace,43.57,4.4,0.17,51.78,30.0,350.0,30.0,0.1,25.0,6.15,74.93873202,2.834310069,22.22695791,0.425,56.71,16.3
Orange Pomace,43.57,4.4,0.17,51.78,30.0,375.0,30.0,0.1,25.0,6.15,74.93873202,2.834310069,22.22695791,0.425,53.21,17.5
Orange Pomace,43.57,4.4,0.17,51.78,30.0,400.0,30.0,0.1,25.0,6.15,74.93873202,2.834310069,22.22695791,0.425,50.02,18.2
Orange Pomace,43.57,4.4,0.17,51.78,30.0,425.0,30.0,0.1,25.0,6.15,74.93873202,2.834310069,22.22695791,0.425,47.23,19.8
Orange Pomace,43.57,4.4,0.17,51.78,30.0,450.0,30.0,0.1,25.0,6.15,74.93873202,2.834310069,22.22695791,0.425,43.22,21.9
Orange Pomace,43.57,4.4,0.17,51.78,30.0,475.0,30.0,0.1,25.0,6.15,74.93873202,2.834310069,22.22695791,0.425,38.42,23.6
Orange Pomace,43.57,4.4,0.17,51.78,30.0,500.0,30.0,0.1,25.0,6.15,74.93873202,2.834310069,22.22695791,0.425,35.98,25.9
Orange Pomace,43.57,4.4,0.17,51.78,30.0,525.0,30.0,0.1,25.0,6.15,74.93873202,2.834310069,22.22695791,0.425,33.02,28.0
Orange Pomace,43.57,4.4,0.17,51.78,30.0,550.0,30.0,0.1,25.0,6.15,74.93873202,2.834310069,22.22695791,0.425,30.46,27.6
Orange Pomace,43.57,4.4,0.17,51.78,30.0,600.0,30.0,0.1,25.0,6.15,74.93873202,2.834310069,22.22695791,0.425,28.26,26.3
Orange Pomace,43.57,4.4,0.17,51.78,30.0,575.0,30.0,0.1,25.0,6.15,74.93873202,2.834310069,22.22695791,0.425,29.32,26.9
Orange Pomace,43.57,4.4,0.17,51.78,30.0,525.0,30.0,0.1,25.0,6.15,74.93873202,2.834310069,22.22695791,0.425,33.0,28.1
Orange Pomace,43.57,4.4,0.17,51.78,30.0,525.0,30.0,0.1,50.0,6.15,74.93873202,2.834310069,22.22695791,0.425,30.5,30.6
Orange Pomace,43.57,4.4,0.17,51.78,30.0,525.0,30.0,0.1,75.0,6.15,74.93873202,2.834310069,22.22695791,0.425,26.7,34.0
Orange Pomace,43.57,4.4,0.17,51.78,30.0,525.0,30.0,0.1,100.0,6.15,74.93873202,2.834310069,22.22695791,0.425,24.9,33.6
Orange Pomace,43.57,4.4,0.17,51.78,30.0,525.0,30.0,0.1,75.0,6.15,74.93873202,2.834310069,22.22695791,0.425,26.5,33.9
Orange Pomace,43.57,4.4,0.17,51.78,30.0,525.0,30.0,0.2,75.0,6.15,74.93873202,2.834310069,22.22695791,0.425,25.1,33.5
Orange Pomace,43.57,4.4,0.17,51.78,30.0,525.0,30.0,0.3,75.0,6.15,74.93873202,2.834310069,22.22695791,0.425,24.3,34.4
Orange Pomace,43.57,4.4,0.17,51.78,30.0,525.0,30.0,0.4,75.0,6.15,74.93873202,2.834310069,22.22695791,0.425,23.4,32.6
Orange Pomace,43.57,4.4,0.17,51.78,30.0,525.0,30.0,0.5,75.0,6.15,74.93873202,2.834310069,22.22695791,0.425,22.3,30.4
Orange Pomace,42.62,6.36,2.08,44.78,50.0,250.0,30.0,0.025,5.0,,68.2,4.0,27.8,2.0,72.1,
Orange Pomace,42.62,6.36,2.08,44.78,50.0,300.0,30.0,0.025,5.0,,68.2,4.0,27.8,2.0,51.1,
Orange Pomace,42.62,6.36,2.08,44.78,50.0,350.0,30.0,0.025,5.0,,68.2,4.0,27.8,2.0,43.2,
Orange Pomace,42.62,6.36,2.08,44.78,50.0,500.0,30.0,0.025,5.0,,68.2,4.0,27.8,2.0,30.6,
Orange Pomace,42.62,6.36,2.08,44.78,50.0,600.0,30.0,0.025,5.0,,68.2,4.0,27.8,2.0,27.6,
Algae,35.1,4.0,1.05,38.1,50.0,250.0,30.0,0.025,5.0,,58.4,20.8,20.8,2.0,83.7,
Algae,35.1,4.0,1.05,38.1,50.0,300.0,30.0,0.025,5.0,,58.4,20.8,20.8,2.0,63.3,
Algae,35.1,4.0,1.05,38.1,50.0,350.0,30.0,0.025,5.0,,58.4,20.8,20.8,2.0,59.3,
Algae,35.1,4.0,1.05,38.1,50.0,500.0,30.0,0.025,5.0,,58.4,20.8,20.8,2.0,48.4,
Algae,35.1,4.0,1.05,38.1,50.0,600.0,30.0,0.025,5.0,,58.4,20.8,20.8,2.0,46.1,
Rice Husk,37.9,4.9,0.0,57.2,30.0,350.0,20.0,0.33,5.0,4.3,59.4,21.3,15.0,0.75,55.6,25.0
Rice Husk,37.9,4.9,0.0,57.2,30.0,450.0,20.0,0.33,5.0,4.3,59.4,21.3,15.0,0.75,50.1,30.5
Rice Husk,37.9,4.9,0.0,57.2,30.0,550.0,20.0,0.33,5.0,4.3,59.4,21.3,15.0,0.75,45.8,32.2
Rice Husk,37.9,4.9,0.0,57.2,30.0,650.0,20.0,0.33,5.0,4.3,59.4,21.3,15.0,0.75,43.2,33.9
Rice Husk,37.9,4.9,0.0,57.2,30.0,350.0,20.0,0.33,100.0,4.3,59.4,21.3,15.0,0.75,56.9,25.0
Rice Husk,37.9,4.9,0.0,57.2,30.0,450.0,20.0,0.33,100.0,4.3,59.4,21.3,15.0,0.75,46.8,28.1
Rice Husk,37.9,4.9,0.0,57.2,30.0,550.0,20.0,0.33,100.0,4.3,59.4,21.3,15.0,0.75,46.5,28.7
Rice Husk,37.9,4.9,0.0,57.2,30.0,650.0,20.0,0.33,100.0,4.3,59.4,21.3,15.0,0.75,42.7,29.1
Rapeseed Stalk,45.92,6.21,6.9,40.09,116.0,400.0,30.0,0.03,5.0,10.59,75.28240689,7.046191701,17.67140141,2.0,38.4,14.23
Rapeseed Stalk,45.92,6.21,6.9,40.09,116.0,450.0,30.0,0.03,5.0,10.59,75.28240689,7.046191701,17.67140141,2.0,34.66,18.18
Rapeseed Stalk,45.92,6.21,6.9,40.09,116.0,500.0,30.0,0.03,5.0,10.59,75.28240689,7.046191701,17.67140141,2.0,33.23,18.58
Rapeseed Stalk,45.92,6.21,6.9,40.09,116.0,700.0,30.0,0.03,5.0,10.59,75.28240689,7.046191701,17.67140141,2.0,32.17,17.51
Rapeseed Stalk,45.92,6.21,6.9,40.09,116.0,900.0,30.0,0.03,5.0,10.59,75.28240689,7.046191701,17.67140141,2.0,30.04,17.39
Rapeseed Stalk,39.7,7.63,1.13,38.8,30.0,300.0,30.0,0.1,10.0,,76.25784491,7.626848208,16.11530688,0.425,69.35,
Rapeseed Stalk,39.7,7.63,1.13,38.8,30.0,400.0,30.0,0.1,10.0,,76.25784491,7.626848208,16.11530688,0.425,38.66,
Rapeseed Stalk,39.7,7.63,1.13,38.8,30.0,500.0,30.0,0.1,10.0,,76.25784491,7.626848208,16.11530688,0.425,33.18,
Rapeseed Stalk,39.7,7.63,1.13,38.8,30.0,600.0,30.0,0.1,10.0,,76.25784491,7.626848208,16.11530688,0.425,32.96,
Rapeseed Stalk,39.7,7.63,1.13,38.8,30.0,700.0,30.0,0.1,10.0,,76.25784491,7.626848208,16.11530688,0.425,17.68,
Rapeseed Stalk,43.92,5.92,0.49,42.54,20.0,300.0,30.0,0.1,10.0,,86.09,6.42,7.49,0.9,68.22,22.89
Rapeseed Stalk,43.92,5.92,0.49,42.54,20.0,350.0,30.0,0.1,10.0,,86.09,6.42,7.49,0.9,42.61,43.78
Rapeseed Stalk,43.92,5.92,0.49,42.54,20.0,400.0,30.0,0.1,10.0,,86.09,6.42,7.49,0.9,38.29,42.37
Rapeseed Stalk,43.92,5.92,0.49,42.54,20.0,450.0,30.0,0.1,10.0,,86.09,6.42,7.49,0.9,35.46,46.11
Rapeseed Stalk,43.92,5.92,0.49,42.54,20.0,500.0,30.0,0.1,10.0,,86.09,6.42,7.49,0.9,32.68,49.45
Rapeseed Stalk,43.92,5.92,0.49,42.54,20.0,550.0,30.0,0.1,10.0,,86.09,6.42,7.49,0.9,31.92,45.06
Rapeseed Stalk,43.92,5.92,0.49,42.54,20.0,600.0,30.0,0.1,10.0,,86.09,6.42,7.49,0.9,32.5,29.93
Cotton Stalk,36.71,7.77,1.19,41.55,30.0,300.0,30.0,0.1,10.0,,77.66666667,4.376344086,17.95698925,0.425,75.72,
Cotton Stalk,36.71,7.77,1.19,41.55,30.0,400.0,30.0,0.1,10.0,,77.66666667,4.376344086,17.95698925,0.425,42.73,
Cotton Stalk,36.71,7.77,1.19,41.55,30.0,500.0,30.0,0.1,10.0,,77.66666667,4.376344086,17.95698925,0.425,39.97,
Cotton Stalk,36.71,7.77,1.19,41.55,30.0,600.0,30.0,0.1,10.0,,77.66666667,4.376344086,17.95698925,0.425,36.68,
Cotton Stalk,36.71,7.77,1.19,41.55,30.0,700.0,30.0,0.1,10.0,,77.66666667,4.376344086,17.95698925,0.425,33.12,
Cotton Stalk,43.95,5.81,1.12,41.12,20.0,300.0,30.0,,10.0,,82.38,7.45,10.17,0.9,72.85,22.15
Cotton Stalk,43.95,5.81,1.12,41.12,20.0,350.0,30.0,,10.0,,82.38,7.45,10.17,0.9,50.92,39.52
Cotton Stalk,43.95,5.81,1.12,41.12,20.0,400.0,30.0,,10.0,,82.38,7.45,10.17,0.9,42.82,44.36
Cotton Stalk,43.95,5.81,1.12,41.12,20.0,450.0,30.0,,10.0,,82.38,7.45,10.17,0.9,36.65,48.07
Cotton Stalk,43.95,5.81,1.12,41.12,20.0,500.0,30.0,,10.0,,82.38,7.45,10.17,0.9,34.98,47.87
Cotton Stalk,43.95,5.81,1.12,41.12,20.0,550.0,30.0,,10.0,,82.38,7.45,10.17,0.9,35.96,43.65
Cotton Stalk,43.95,5.81,1.12,41.12,20.0,600.0,30.0,,10.0,,82.38,7.45,10.17,0.9,35.67,40.8
Cotton Stalk,43.95,5.81,1.12,41.12,20.0,300.0,30.0,,10.0,,82.63,7.39,9.98,0.9,73.82,22.8
Cotton Stalk,43.95,5.81,1.12,41.12,20.0,350.0,30.0,,10.0,,82.63,7.39,9.98,0.9,45.72,44.3
Cotton Stalk,43.95,5.81,1.12,41.12,20.0,400.0,30.0,,10.0,,82.63,7.39,9.98,0.9,40.52,47.7
Cotton Stalk,43.95,5.81,1.12,41.12,20.0,450.0,30.0,,10.0,,82.63,7.39,9.98,0.9,38.32,49.5
Cotton Stalk,43.95,5.81,1.12,41.12,20.0,500.0,30.0,,10.0,,82.63,7.39,9.98,0.9,36.01,49.5
Cotton Stalk,43.95,5.81,1.12,41.12,20.0,550.0,30.0,,10.0,,82.63,7.39,9.98,0.9,34.98,47.9
Cotton Stalk,43.95,5.81,1.12,41.12,20.0,600.0,30.0,,10.0,,82.63,7.39,9.98,,35.89,45.4
Cotton Stalk,43.95,5.81,1.12,41.12,,400.0,90.0,0.1,20.0,,82.38,7.45,10.17,,42.45,
Cotton Stalk,43.95,5.81,1.12,41.12,,400.0,60.0,0.1,5.0,,82.38,7.45,10.17,,48.89,
Cotton Stalk,43.95,5.81,1.12,41.12,,400.0,30.0,0.1,10.0,,82.38,7.45,10.17,,42.82,
Cotton Stalk,43.95,5.81,1.12,41.12,,600.0,90.0,0.1,5.0,,82.38,7.45,10.17,,35.33,
Cotton Stalk,43.95,5.81,1.12,41.12,,600.0,60.0,0.1,20.0,,82.38,7.45,10.17,,34.17,
Cotton Stalk,43.95,5.81,1.12,41.12,,600.0,30.0,0.1,15.0,,82.38,7.45,10.17,,32.59,
Cotton Stalk,43.95,5.81,1.12,41.12,,300.0,90.0,0.1,10.0,,82.38,7.45,10.17,,56.34,
Cotton Stalk,43.95,5.81,1.12,41.12,,300.0,60.0,,15.0,,82.38,7.45,10.17,,68.68,
Cotton Stalk,43.95,5.81,1.12,41.12,,300.0,30.0,,20.0,,82.38,7.45,10.17,,71.28,
Cotton Stalk,43.95,5.81,1.12,41.12,,500.0,90.0,,15.0,,82.38,7.45,10.17,,36.28,
Cotton Stalk,43.95,5.81,1.12,41.12,,500.0,60.0,,10.0,,82.38,7.45,10.17,,37.21,
Cotton Stalk,43.95,5.81,1.12,41.12,,500.0,30.0,,5.0,,82.38,7.45,10.17,,36.34,
Wood,40.86,5.27,1.03,48.07,50.0,250.0,30.0,0.025,5.0,,70.9,4.3,24.8,2.0,71.2,
Wood,40.86,5.27,1.03,48.07,50.0,300.0,30.0,0.025,5.0,,70.9,4.3,24.8,2.0,58.6,
Wood,40.86,5.27,1.03,48.07,50.0,350.0,30.0,0.025,5.0,,70.9,4.3,24.8,2.0,41.2,
Wood,40.86,5.27,1.03,48.07,50.0,500.0,30.0,0.025,5.0,,70.9,4.3,24.8,2.0,33.5,
Wood,40.86,5.27,1.03,48.07,50.0,600.0,30.0,0.025,5.0,,70.9,4.3,24.8,2.0,29.6,
Poultry Litter,35.7,5.27,9.61,40.98,50.0,250.0,30.0,0.025,5.0,,68.3,8.2,23.5,2.0,65.1,
Poultry Litter,35.7,5.27,9.61,40.98,50.0,300.0,30.0,0.025,5.0,,68.3,8.2,23.5,2.0,49.8,
Poultry Litter,35.7,5.27,9.61,40.98,50.0,350.0,30.0,0.025,5.0,,68.3,8.2,23.5,2.0,40.5,
Poultry Litter,35.7,5.27,9.61,40.98,50.0,500.0,30.0,0.025,5.0,,68.3,8.2,23.5,2.0,33.3,
Poultry Litter,35.7,5.27,9.61,40.98,50.0,600.0,30.0,0.025,5.0,,68.3,8.2,23.5,2.0,31.1,
Rice Husk,38.19,5.3,0.28,56.23,5.0,300.0,60.0,0.3,10.0,,64.71,19.18,16.11,0.08549999999999999,66.76,
Rice Husk,38.19,5.3,0.28,56.23,5.0,400.0,60.0,0.3,10.0,,64.71,19.18,16.11,0.08549999999999999,52.35,
Rice Husk,38.19,5.3,0.28,56.23,5.0,500.0,60.0,0.3,10.0,,64.71,19.18,16.11,0.08549999999999999,47.49,
Rice Husk,38.19,5.3,0.28,56.23,5.0,600.0,60.0,0.3,10.0,,64.71,19.18,16.11,0.08549999999999999,44.96,
Rice Husk,38.19,5.3,0.28,56.23,5.0,700.0,60.0,0.3,10.0,,64.71,19.18,16.11,0.08549999999999999,44.36,
Rice Husk,38.19,5.3,0.28,56.23,5.0,800.0,60.0,0.3,10.0,,64.71,19.18,16.11,0.08549999999999999,42.99,
Apricot Kernel Shell,47.33,6.37,0.37,45.93,20.0,400.0,,,10.0,8.3,75.0,0.95,15.75,0.5125,35.3,20.6
Apricot Kernel Shell,47.33,6.37,0.37,45.93,20.0,450.0,,,10.0,8.3,75.0,0.95,15.75,0.5125,32.2,21.2
Apricot Kernel Shell,47.33,6.37,0.37,45.93,20.0,500.0,,,10.0,8.3,75.0,0.95,15.75,0.5125,30.2,22.5
Apricot Kernel Shell,47.33,6.37,0.37,45.93,20.0,550.0,,,10.0,8.3,75.0,0.95,15.75,0.5125,29.5,21.5
Apricot Kernel Shell,47.33,6.37,0.37,45.93,20.0,400.0,,,50.0,8.3,75.0,0.95,15.75,0.5125,28.7,23.1
Apricot Kernel Shell,47.33,6.37,0.37,45.93,20.0,450.0,,,50.0,8.3,75.0,0.95,15.75,0.5125,28.5,23.8
Apricot Kernel Shell,47.33,6.37,0.37,45.93,20.0,500.0,,,50.0,8.3,75.0,0.95,15.75,0.5125,27.1,24.9
Apricot Kernel Shell,47.33,6.37,0.37,45.93,20.0,550.0,,,50.0,8.3,75.0,0.95,15.75,0.5125,26.8,23.9
Apricot Kernel Shell,47.33,6.37,0.37,45.93,20.0,500.0,,0.0,50.0,8.3,75.0,0.95,15.75,0.5125,26.9,25.0
Apricot Kernel Shell,47.33,6.37,0.37,45.93,20.0,500.0,,0.05,50.0,8.3,75.0,0.95,15.75,0.5125,26.9,23.7
Apricot Kernel Shell,47.33,6.37,0.37,45.93,20.0,500.0,,0.1,50.0,8.3,75.0,0.95,15.75,0.5125,27.1,25.2
Apricot Kernel Shell,47.33,6.37,0.37,45.93,20.0,500.0,,0.15,50.0,8.3,75.0,0.95,15.75,0.5125,27.5,26.3
Apricot Kernel Shell,47.33,6.37,0.37,45.93,20.0,500.0,,0.2,50.0,8.3,75.0,0.95,15.75,0.5125,29.4,24.4
Laurel Residues,48.97,6.38,3.02,41.63,50.0,350.0,30.0,0.1,10.0,9.95,69.24,10.53,10.28,0.635,39.6,12.35
Laurel Residues,48.97,6.38,3.02,41.63,50.0,400.0,30.0,0.1,10.0,9.95,69.24,10.53,10.28,0.635,33.1,17.8
Laurel Residues,48.97,6.38,3.02,41.63,50.0,450.0,30.0,0.1,10.0,9.95,69.24,10.53,10.28,0.635,31.3,19.1
Laurel Residues,48.97,6.38,3.02,41.63,50.0,500.0,30.0,0.1,10.0,9.95,69.24,10.53,10.28,0.635,27.9,21.9
Laurel Residues,48.97,6.38,3.02,41.63,50.0,550.0,30.0,0.1,10.0,9.95,69.24,10.53,10.28,0.635,27.2,20.9
Laurel Residues,48.97,6.38,3.02,41.63,50.0,600.0,30.0,0.1,10.0,9.95,69.24,10.53,10.28,0.635,26.6,19.3
Laurel Residues,48.97,6.38,3.02,41.63,50.0,500.0,30.0,0.05,10.0,9.95,69.24,10.53,10.28,0.635,28.4,21.3
Laurel Residues,48.97,6.38,3.02,41.63,50.0,500.0,30.0,0.1,10.0,9.95,69.24,10.53,10.28,0.635,27.9,21.9
Laurel Residues,48.97,6.38,3.02,41.63,50.0,500.0,30.0,0.2,10.0,9.95,69.24,10.53,10.28,0.635,27.6,21.8
Laurel Residues,48.97,6.38,3.02,41.63,50.0,500.0,30.0,0.3,10.0,9.95,69.24,10.53,10.28,0.635,27.4,19.7
Laurel Residues,48.97,6.38,3.02,41.63,50.0,500.0,30.0,0.4,10.0,9.95,69.24,10.53,10.28,0.635,27.1,19.3
Laurel Residues,48.97,6.38,3.02,41.63,50.0,350.0,30.0,0.1,10.0,9.95,69.24,10.53,10.28,1.225,39.5,12.35
Laurel Residues,48.97,6.38,3.02,41.63,50.0,400.0,30.0,0.1,10.0,9.95,69.24,10.53,10.28,1.225,33.5,17.1
Laurel Residues,48.97,6.38,3.02,41.63,50.0,450.0,30.0,0.1,10.0,9.95,69.24,10.53,10.28,1.225,31.9,18.6
Laurel Residues,48.97,6.38,3.02,41.63,50.0,500.0,30.0,0.1,10.0,9.95,69.24,10.53,10.28,1.225,29.6,20.98
Laurel Residues,48.97,6.38,3.02,41.63,50.0,550.0,30.0,0.1,10.0,9.95,69.24,10.53,10.28,1.225,29.2,18.2
Laurel Residues,48.97,6.38,3.02,41.63,50.0,600.0,30.0,0.1,10.0,9.95,69.24,10.53,10.28,1.225,27.7,17.3
Laurel Residues,48.97,6.38,3.02,41.63,50.0,650.0,30.0,0.1,10.0,9.95,69.24,10.53,10.28,0.335,39.1,12.2
Laurel Residues,48.97,6.38,3.02,41.63,50.0,700.0,30.0,0.1,10.0,9.95,69.24,10.53,10.28,0.335,32.9,16.5
Laurel Residues,48.97,6.38,3.02,41.63,50.0,750.0,30.0,0.1,10.0,9.95,69.24,10.53,10.28,0.335,31.0,18.3
Laurel Residues,48.97,6.38,3.02,41.63,50.0,800.0,30.0,0.1,10.0,9.95,69.24,10.53,10.28,0.335,27.1,21.3
Laurel Residues,48.97,6.38,3.02,41.63,50.0,850.0,30.0,0.1,10.0,9.95,69.24,10.53,10.28,0.335,26.8,18.4
Laurel Residues,48.97,6.38,3.02,41.63,50.0,900.0,30.0,0.1,10.0,9.95,69.24,10.53,10.28,0.335,26.2,18.0
Sewage Sludge,29.64,7.29,5.5,18.72,10.0,450.0,60.0,0.4,10.0,,56.89,38.61,4.5,0.112,54.3,34.1
Sewage Sludge,29.64,7.29,5.5,18.72,10.0,500.0,60.0,0.4,10.0,,56.89,38.61,4.5,0.112,53.8,35.1
Sewage Sludge,29.64,7.29,5.5,18.72,10.0,550.0,60.0,0.4,10.0,,56.89,38.61,4.5,0.112,53.8,33.0
Sewage Sludge,29.64,7.29,5.5,18.72,10.0,600.0,60.0,0.4,10.0,,56.89,38.61,4.5,0.112,53.5,29.6
Cellulose,39.63,5.31,0.0,49.88,4.0,400.0,30.0,0.101,,4.54,90.68,0.01,4.77,,20.2,46.9
Cellulose,39.63,5.31,0.0,49.88,4.0,450.0,30.0,0.101,,4.54,90.68,0.01,4.77,,14.8,52.9
Cellulose,39.63,5.31,0.0,49.88,4.0,500.0,30.0,0.101,,4.54,90.68,0.01,4.77,,14.8,54.0
Cellulose,39.63,5.31,0.0,49.88,4.0,550.0,30.0,0.101,,4.54,90.68,0.01,4.77,,12.2,57.6
Cellulose,39.63,5.31,0.0,49.88,4.0,600.0,30.0,0.101,,4.54,90.68,0.01,4.77,,10.9,52.6
Milk Thistle Seeds,58.21,8.42,3.46,29.91,20.0,350.0,80.0,,20.0,2.31,84.05,2.55,13.4,0.36,72.6,1.3
Milk Thistle Seeds,58.21,8.42,3.46,29.91,20.0,375.0,80.0,,20.0,2.31,84.05,2.55,13.4,0.36,64.5,24.3
Milk Thistle Seeds,58.21,8.42,3.46,29.91,20.0,400.0,80.0,,20.0,2.31,84.05,2.55,13.4,0.36,54.7,31.3
Milk Thistle Seeds,58.21,8.42,3.46,29.91,20.0,425.0,80.0,,20.0,2.31,84.05,2.55,13.4,0.36,47.3,36.3
Milk Thistle Seeds,58.21,8.42,3.46,29.91,20.0,450.0,80.0,,20.0,2.31,84.05,2.55,13.4,0.36,43.7,38.3
Milk Thistle Seeds,58.21,8.42,3.46,29.91,20.0,475.0,80.0,,20.0,2.31,84.05,2.55,13.4,0.36,36.7,41.9
Milk Thistle Seeds,58.21,8.42,3.46,29.91,20.0,500.0,80.0,,20.0,2.31,84.05,2.55,13.4,0.36,32.6,39.9
Milk Thistle Seeds,58.21,8.42,3.46,29.91,20.0,525.0,80.0,,20.0,2.31,84.05,2.55,13.4,0.36,30.2,35.6
Milk Thistle Seeds,58.21,8.42,3.46,29.91,20.0,550.0,80.0,,20.0,2.31,84.05,2.55,13.4,0.36,27.7,33.3
Milk Thistle Seeds,58.21,8.42,3.46,29.91,20.0,600.0,80.0,,20.0,2.31,84.05,2.55,13.4,0.36,25.8,32.2
Milk Thistle Seeds,58.21,8.42,3.46,29.91,20.0,475.0,20.0,,20.0,2.31,84.05,2.55,13.4,0.36,64.8,26.6
Milk Thistle Seeds,58.21,8.42,3.46,29.91,20.0,475.0,40.0,,20.0,2.31,84.05,2.55,13.4,0.36,55.1,34.3
Milk Thistle Seeds,58.21,8.42,3.46,29.91,20.0,475.0,60.0,,20.0,2.31,84.05,2.55,13.4,0.36,42.2,45.0
Milk Thistle Seeds,58.21,8.42,3.46,29.91,20.0,475.0,80.0,,20.0,2.31,84.05,2.55,13.4,0.36,36.7,42.0
Milk Thistle Seeds,58.21,8.42,3.46,29.91,20.0,475.0,100.0,,20.0,2.31,84.05,2.55,13.4,0.36,31.3,37.7
Milk Thistle Seeds,58.21,8.42,3.46,29.91,20.0,475.0,120.0,,20.0,2.31,84.05,2.55,13.4,0.36,28.5,35.6
Milk Thistle Seeds,58.21,8.42,3.46,29.91,20.0,475.0,60.0,,20.0,2.31,84.05,2.55,13.4,0.84,61.2,31.4
Milk Thistle Seeds,58.21,8.42,3.46,29.91,20.0,475.0,60.0,,20.0,2.31,84.05,2.55,13.4,0.59,52.7,37.1
Milk Thistle Seeds,58.21,8.42,3.46,29.91,20.0,475.0,60.0,,20.0,2.31,84.05,2.55,13.4,0.36,42.7,45.2
Milk Thistle Seeds,58.21,8.42,3.46,29.91,20.0,475.0,60.0,,20.0,2.31,84.05,2.55,13.4,0.25,28.4,49.6
Milk Thistle Seeds,58.21,8.42,3.46,29.91,20.0,475.0,60.0,,20.0,2.31,84.05,2.55,13.4,0.21,25.5,46.4
Milk Thistle Seeds,58.21,8.42,3.46,29.91,20.0,475.0,60.0,,20.0,2.31,84.05,2.55,13.4,0.177,21.1,40.3
Milk Thistle Seeds,58.21,8.42,3.46,29.91,20.0,475.0,60.0,,10.0,2.31,84.05,2.55,13.4,0.25,48.7,38.5
Milk Thistle Seeds,58.21,8.42,3.46,29.91,20.0,475.0,60.0,,15.0,2.31,84.05,2.55,13.4,0.25,41.2,43.1
Milk Thistle Seeds,58.21,8.42,3.46,29.91,20.0,475.0,60.0,,20.0,2.31,84.05,2.55,13.4,0.25,28.4,49.0
Milk Thistle Seeds,58.21,8.42,3.46,29.91,20.0,475.0,60.0,,25.0,2.31,84.05,2.55,13.4,0.25,24.3,44.0
Milk Thistle Seeds,58.21,8.42,3.46,29.91,20.0,475.0,60.0,,30.0,2.31,84.05,2.55,13.4,0.25,19.9,39.8
Cellulose,41.46,5.97,0.07,52.48,3.0,350.0,60.0,0.3,10.0,,94.25,0.0,5.75,,31.4,
Cellulose,41.46,5.97,0.07,52.48,3.0,450.0,60.0,0.3,10.0,,94.25,0.0,5.75,,22.0,
Cellulose,41.46,5.97,0.07,52.48,3.0,550.0,60.0,0.3,10.0,,94.25,0.0,5.75,,19.0,
Cellulose,41.46,5.97,0.07,52.48,3.0,650.0,60.0,0.3,10.0,,94.25,0.0,5.75,,18.6,
Cellulose,41.46,5.97,0.07,52.48,3.0,750.0,60.0,0.3,10.0,,94.25,0.0,5.75,,17.2,
Cellulose,41.46,5.97,0.07,52.48,3.0,850.0,60.0,0.3,10.0,,94.25,0.0,5.75,,17.2,
Hemicellulose(xylan),40.69,5.75,0.04,53.49,3.0,250.0,60.0,0.3,10.0,,83.15,0.0,16.85,,63.1,
Hemicellulose(xylan),40.69,5.75,0.04,53.49,3.0,350.0,60.0,0.3,10.0,,83.15,0.0,16.85,,34.6,
Hemicellulose(xylan),40.69,5.75,0.04,53.49,3.0,450.0,60.0,0.3,10.0,,83.15,0.0,16.85,,26.9,
Hemicellulose(xylan),40.69,5.75,0.04,53.49,3.0,550.0,60.0,0.3,10.0,,83.15,0.0,16.85,,23.2,
Hemicellulose(xylan),40.69,5.75,0.04,53.49,3.0,650.0,60.0,0.3,10.0,,83.15,0.0,16.85,,22.8,
Hemicellulose(xylan),40.69,5.75,0.04,53.49,3.0,750.0,60.0,0.3,10.0,,83.15,0.0,16.85,,21.6,
Hemicellulose(xylan),40.69,5.75,0.04,53.49,3.0,850.0,60.0,0.3,10.0,,83.15,0.0,16.85,,20.8,
Lignin,58.67,5.43,1.13,34.51,3.0,350.0,60.0,0.3,10.0,,64.66,2.87,32.47,,68.1,
Lignin,58.67,5.43,1.13,34.51,3.0,450.0,60.0,0.3,10.0,,64.66,2.87,32.47,,54.3,
Lignin,58.67,5.43,1.13,34.51,3.0,550.0,60.0,0.3,10.0,,64.66,2.87,32.47,,43.3,
Lignin,58.67,5.43,1.13,34.51,3.0,650.0,60.0,0.3,10.0,,64.66,2.87,32.47,,43.1,
Lignin,58.67,5.43,1.13,34.51,3.0,750.0,60.0,0.3,10.0,,64.66,2.87,32.47,,42.7,
Lignin,58.67,5.43,1.13,34.51,3.0,850.0,60.0,0.3,10.0,,64.66,2.87,32.47,,41.5,
Manure,35.2,3.1,2.2,33.3,400.0,250.0,,5.4,10.0,13.0,62.0,23.0,15.0,,86.4,12.6
Manure,35.2,3.1,2.2,33.3,400.0,300.0,,5.4,10.0,13.0,62.0,23.0,15.0,,79.5,16.6
Manure,35.2,3.1,2.2,33.3,400.0,350.0,,5.4,10.0,13.0,62.0,23.0,15.0,,65.5,26.6
Manure,35.2,3.1,2.2,33.3,400.0,400.0,,5.4,10.0,13.0,62.0,23.0,15.0,,58.4,30.7
Manure,35.2,3.1,2.2,33.3,400.0,450.0,,5.4,10.0,13.0,62.0,23.0,15.0,,55.0,32.4
Manure,35.2,3.1,2.2,33.3,400.0,500.0,,5.4,10.0,13.0,62.0,23.0,15.0,,50.7,34.3
Manure,35.2,3.1,2.2,33.3,400.0,550.0,,5.4,10.0,13.0,62.0,23.0,15.0,,47.8,35.6
Manure,35.2,3.1,2.2,33.3,400.0,600.0,,5.4,10.0,13.0,62.0,23.0,15.0,,47.5,34.9
Pistacia Lentiscus Seeds,62.66,5.62,2.23,25.3,20.0,300.0,,,25.0,,80.01,5.77,8.61,0.45,28.5,45.6
Pistacia Lentiscus Seeds,62.66,5.62,2.23,25.3,20.0,350.0,,,25.0,,80.01,5.77,8.61,0.45,28.0,53.5
Pistacia Lentiscus Seeds,62.66,5.62,2.23,25.3,20.0,400.0,,,25.0,,80.01,5.77,8.61,0.45,25.2,57.0
Pistacia Lentiscus Seeds,62.66,5.62,2.23,25.3,20.0,425.0,,,25.0,,80.01,5.77,8.61,0.45,25.0,62.8
Pistacia Lentiscus Seeds,62.66,5.62,2.23,25.3,20.0,450.0,,,25.0,,80.01,5.77,8.61,0.45,26.2,62.5
Pistacia Lentiscus Seeds,62.66,5.62,2.23,25.3,20.0,475.0,,,25.0,,80.01,5.77,8.61,0.45,23.7,64.0
Pistacia Lentiscus Seeds,62.66,5.62,2.23,25.3,20.0,500.0,,,25.0,,80.01,5.77,8.61,0.45,21.8,57.2
Pistacia Lentiscus Seeds,62.66,5.62,2.23,25.3,20.0,550.0,,,25.0,,80.01,5.77,8.61,0.45,19.8,55.3
Pistacia Lentiscus Seeds,62.66,5.62,2.23,25.3,20.0,475.0,,,25.0,,80.01,5.77,8.61,0.105,28.3,48.7
Pistacia Lentiscus Seeds,62.66,5.62,2.23,25.3,20.0,475.0,,,25.0,,80.01,5.77,8.61,0.19,27.1,53.4
Pistacia Lentiscus Seeds,62.66,5.62,2.23,25.3,20.0,475.0,,,25.0,,80.01,5.77,8.61,0.4,23.5,63.8
Pistacia Lentiscus Seeds,62.66,5.62,2.23,25.3,20.0,475.0,,,25.0,,80.01,5.77,8.61,0.8,29.9,58.4
Pistacia Lentiscus Seeds,62.66,5.62,2.23,25.3,20.0,475.0,,,5.0,,80.01,5.77,8.61,0.45,24.5,54.1
Pistacia Lentiscus Seeds,62.66,5.62,2.23,25.3,20.0,475.0,,,10.0,,80.01,5.77,8.61,0.45,25.4,58.7
Pistacia Lentiscus Seeds,62.66,5.62,2.23,25.3,20.0,475.0,,,15.0,,80.01,5.77,8.61,0.45,25.4,59.2
Pistacia Lentiscus Seeds,62.66,5.62,2.23,25.3,20.0,475.0,,,20.0,,80.01,5.77,8.61,0.45,27.9,61.9
Pistacia Lentiscus Seeds,62.66,5.62,2.23,25.3,20.0,475.0,,,25.0,,80.01,5.77,8.61,0.45,23.8,63.7
Pistacia Lentiscus Seeds,62.66,5.62,2.23,25.3,20.0,475.0,,,30.0,,80.01,5.77,8.61,0.45,27.9,55.8
Linseed,55.94,5.05,6.81,26.1,120.0,350.0,,0.3,20.0,6.63,86.81,6.29,0.27,0.52,43.38,40.128
Linseed,55.94,5.05,6.81,26.1,120.0,550.0,,0.15,20.0,6.63,86.81,6.29,0.27,0.149,29.117,54.523
Linseed,55.94,5.05,6.81,26.1,120.0,350.0,,0.15,20.0,6.63,86.81,6.29,0.27,0.149,45.2,36.983
Linseed,55.94,5.05,6.81,26.1,120.0,450.0,,0.225,20.0,6.63,86.81,6.29,0.27,0.21,31.242,52.349
Linseed,55.94,5.05,6.81,26.1,120.0,350.0,,0.15,20.0,6.63,86.81,6.29,0.27,0.52,47.646,37.177
Linseed,55.94,5.05,6.81,26.1,120.0,550.0,,0.3,20.0,6.63,86.81,6.29,0.27,0.149,32.29000000000001,55.879
Linseed,55.94,5.05,6.81,26.1,120.0,580.0,,0.225,20.0,6.63,86.81,6.29,0.27,0.21,36.942,52.872
Linseed,55.94,5.05,6.81,26.1,120.0,450.0,,0.225,20.0,6.63,86.81,6.29,0.27,0.12,33.51000000000001,55.456
Linseed,55.94,5.05,6.81,26.1,120.0,450.0,,0.225,20.0,6.63,86.81,6.29,0.27,0.21,33.205,48.459
Linseed,55.94,5.05,6.81,26.1,120.0,550.0,,0.15,20.0,6.63,86.81,6.29,0.27,0.52,30.285,50.652
Linseed,55.94,5.05,6.81,26.1,120.0,450.0,,0.225,20.0,6.63,86.81,6.29,0.27,1.68,30.8,53.817
Linseed,55.94,5.05,6.81,26.1,120.0,450.0,,0.225,20.0,6.63,86.81,6.29,0.27,0.21,31.91500000000001,49.798
Linseed,55.94,5.05,6.81,26.1,120.0,450.0,,0.1,20.0,6.63,86.81,6.29,0.27,0.21,31.98999999999999,50.572
Linseed,55.94,5.05,6.81,26.1,120.0,450.0,,0.225,20.0,6.63,86.81,6.29,0.27,0.21,31.03,51.964
Linseed,55.94,5.05,6.81,26.1,120.0,450.0,,0.35,20.0,6.63,86.81,6.29,0.27,0.21,31.33499999999999,52.204
Linseed,55.94,5.05,6.81,26.1,120.0,450.0,,0.225,20.0,6.63,86.81,6.29,0.27,0.21,31.45399999999999,50.8
Linseed,55.94,5.05,6.81,26.1,120.0,550.0,,0.3,20.0,6.63,86.81,6.29,0.27,0.52,30.325,49.497
Linseed,55.94,5.05,6.81,26.1,120.0,350.0,,0.3,20.0,6.63,86.81,6.29,0.27,0.149,49.115,36.8
Linseed,55.94,5.05,6.81,26.1,120.0,320.0,,0.225,20.0,6.63,86.81,6.29,0.27,0.21,53.39,32.476
Linseed,55.94,5.05,6.81,26.1,120.0,450.0,,0.225,20.0,6.63,86.81,6.29,0.27,0.21,31.074,52.722
Manure,41.13,5.89,2.69,49.92,10.0,400.0,60.0,,12.0,85.0,69.51,15.37,15.12,0.36,43.2,
Manure,41.13,5.89,2.69,49.92,15.0,500.0,80.0,,4.0,75.0,69.51,15.37,15.12,0.36,42.73,
Manure,41.13,5.89,2.69,49.92,20.0,500.0,40.0,,12.0,55.0,69.51,15.37,15.12,0.36,36.4,
Manure,41.13,5.89,2.69,49.92,10.0,450.0,60.0,,12.0,65.0,69.51,15.37,15.12,0.36,43.0,
Manure,41.13,5.89,2.69,49.92,10.0,450.0,60.0,,12.0,85.0,69.51,15.37,15.12,0.36,35.2,
Manure,41.13,5.89,2.69,49.92,5.0,500.0,100.0,,16.0,85.0,69.51,15.37,15.12,0.36,36.0,
Manure,41.13,5.89,2.69,49.92,10.0,400.0,60.0,,12.0,65.0,69.51,15.37,15.12,0.36,45.5,
Manure,41.13,5.89,2.69,49.92,10.0,500.0,60.0,,8.0,65.0,69.51,15.37,15.12,0.36,37.6,
Manure,41.13,5.89,2.69,49.92,10.0,500.0,60.0,,12.0,45.0,69.51,15.37,15.12,0.36,40.3,
Manure,41.13,5.89,2.69,49.92,15.0,600.0,100.0,,12.0,65.0,69.51,15.37,15.12,0.36,33.2,
Manure,41.13,5.89,2.69,49.92,10.0,500.0,60.0,,12.0,55.0,69.51,15.37,15.12,0.36,39.0,
Manure,41.13,5.89,2.69,49.92,20.0,600.0,60.0,,4.0,85.0,69.51,15.37,15.12,0.36,29.35,
Manure,41.13,5.89,2.69,49.92,10.0,500.0,60.0,,12.0,65.0,69.51,15.37,15.12,0.36,42.4,
Manure,41.13,5.89,2.69,49.92,10.0,500.0,60.0,,12.0,85.0,69.51,15.37,15.12,0.36,41.6,
Manure,41.13,5.89,2.69,49.92,10.0,550.0,60.0,,12.0,45.0,69.51,15.37,15.12,0.36,39.7,
Manure,41.13,5.89,2.69,49.92,20.0,450.0,80.0,,16.0,65.0,69.51,15.37,15.12,0.36,41.2,
Manure,41.13,5.89,2.69,49.92,5.0,450.0,60.0,,12.0,75.0,69.51,15.37,15.12,0.36,39.6,
Manure,41.13,5.89,2.69,49.92,10.0,550.0,60.0,,12.0,65.0,69.51,15.37,15.12,0.36,37.9,
Manure,41.13,5.89,2.69,49.92,20.0,550.0,100.0,,8.0,75.0,69.51,15.37,15.12,0.36,36.8,
Manure,41.13,5.89,2.69,49.92,15.0,550.0,60.0,,16.0,55.0,69.51,15.37,15.12,0.36,36.27,
Manure,41.13,5.89,2.69,49.92,10.0,600.0,60.0,,12.0,85.0,69.51,15.37,15.12,0.36,32.2,
Manure,41.13,5.89,2.69,49.92,10.0,600.0,40.0,,16.0,75.0,69.51,15.37,15.12,0.36,35.3,
Manure,41.13,5.89,2.69,49.92,5.0,550.0,40.0,,4.0,65.0,69.51,15.37,15.12,0.36,38.8,
Manure,41.13,5.89,2.69,49.92,10.0,400.0,60.0,,12.0,45.0,69.51,15.37,15.12,0.36,49.9,
Manure,41.13,5.89,2.69,49.92,15.0,450.0,40.0,,8.0,85.0,69.51,15.37,15.12,0.36,35.67,
Manure,41.13,5.89,2.69,49.92,10.0,600.0,60.0,,12.0,55.0,69.51,15.37,15.12,0.36,37.9,
Manure,41.13,5.89,2.69,49.92,10.0,600.0,60.0,,12.0,65.0,69.51,15.37,15.12,0.36,35.7,
Manure,41.13,5.89,2.69,49.92,10.0,450.0,100.0,,4.0,55.0,69.51,15.37,15.12,0.36,40.5,
Manure,41.13,5.89,2.69,49.92,10.0,550.0,60.0,,12.0,55.0,69.51,15.37,15.12,0.36,40.2,
Manure,41.13,5.89,2.69,49.92,5.0,600.0,80.0,,8.0,55.0,69.51,15.37,15.12,0.36,33.0,
Manure,41.13,5.89,2.69,49.92,10.0,550.0,80.0,,12.0,85.0,69.51,15.37,15.12,0.36,32.4,
Manure,41.13,5.89,2.69,49.92,10.0,550.0,60.0,,12.0,85.0,69.51,15.37,15.12,0.36,31.5,
Manure,41.13,5.89,2.69,49.92,10.0,600.0,60.0,,12.0,45.0,69.51,15.37,15.12,0.36,37.7,
Rapeseed Stalk,45.95,6.21,6.76,40.17,100.0,500.0,,0.1,20.0,10.02,67.84,6.77,15.47,0.25,18.5,32.2
Rapeseed Stalk,45.95,6.21,6.76,40.17,100.0,500.0,,0.1,20.0,10.02,67.84,6.77,15.47,0.75,23.4,31.9
Rapeseed Stalk,45.95,6.21,6.76,40.17,100.0,500.0,,0.1,20.0,10.02,67.84,6.77,15.47,1.25,24.6,31.6
Rapeseed Stalk,45.95,6.21,6.76,40.17,100.0,500.0,,0.1,20.0,10.02,67.84,6.77,15.47,1.75,26.3,31.5
Rapeseed Stalk,45.95,6.21,6.76,40.17,100.0,500.0,,0.1,20.0,10.02,67.84,6.77,15.47,0.25,20.05,34.6
Rapeseed Stalk,45.95,6.21,6.76,40.17,100.0,500.0,,0.15,20.0,10.02,67.84,6.77,15.47,0.25,19.1,33.2
Rapeseed Stalk,45.95,6.21,6.76,40.17,100.0,500.0,,0.2,20.0,10.02,67.84,6.77,15.47,0.25,17.5,30.8
Rapeseed Stalk,45.95,6.21,6.76,40.17,100.0,500.0,,0.25,20.0,10.02,67.84,6.77,15.47,0.25,18.4,30.1
Rapeseed Stalk,45.95,6.21,6.76,40.17,100.0,500.0,,0.3,20.0,10.02,67.84,6.77,15.47,0.25,19.05,29.4
Rapeseed Stalk,45.95,6.21,6.76,40.17,100.0,500.0,,0.35,20.0,10.02,67.84,6.77,15.47,0.25,20.3,25.2
Rapeseed Stalk,45.95,6.21,6.76,40.17,100.0,500.0,,0.4,20.0,10.02,67.84,6.77,15.47,0.25,22.4,18.9
Rapeseed Stalk,45.95,6.21,6.76,40.17,100.0,400.0,,0.1,20.0,10.02,67.84,6.77,15.47,1.75,20.7,35.3
Rapeseed Stalk,45.95,6.21,6.76,40.17,100.0,450.0,,0.1,20.0,10.02,67.84,6.77,15.47,1.75,16.3,36.2
Rapeseed Stalk,45.95,6.21,6.76,40.17,100.0,500.0,,0.1,20.0,10.02,67.84,6.77,15.47,1.75,12.1,34.8
Rapeseed Stalk,45.95,6.21,6.76,40.17,100.0,550.0,,0.1,20.0,10.02,67.84,6.77,15.47,1.75,13.9,35.9
Rapeseed Stalk,45.95,6.21,6.76,40.17,100.0,600.0,,0.1,20.0,10.02,67.84,6.77,15.47,1.75,13.1,34.7
Rapeseed Stalk,45.95,6.21,6.76,40.17,100.0,650.0,,0.1,20.0,10.02,67.84,6.77,15.47,1.75,13.3,34.1
Rapeseed Stalk,45.95,6.21,6.76,40.17,100.0,700.0,,0.1,20.0,10.02,67.84,6.77,15.47,1.75,12.7,33.6
Bamboo,47.2,5.77,0.27,44.23,50.0,300.0,10.0,0.5,10.0,0.57,86.23,1.12,12.65,0.315,49.3,26.5
Bamboo,47.2,5.77,0.27,44.23,50.0,400.0,10.0,0.5,10.0,0.57,86.23,1.12,12.65,0.315,30.7,35.2
Bamboo,47.2,5.77,0.27,44.23,50.0,500.0,10.0,0.5,10.0,0.57,86.23,1.12,12.65,0.315,26.0,36.6
Bamboo,47.2,5.77,0.27,44.23,50.0,600.0,10.0,0.5,10.0,0.57,86.23,1.12,12.65,0.315,24.3,36.1
Bamboo,47.2,5.77,0.27,44.23,50.0,700.0,10.0,0.5,10.0,0.57,86.23,1.12,12.65,0.315,23.6,34.1
Algae,52.6,6.21,8.75,31.92,10.0,300.0,,0.1,40.0,0.083,51.45,17.33,31.13,0.2,33.61,29.7973
Algae,52.6,6.21,8.75,31.92,10.0,400.0,,0.1,40.0,0.083,51.45,17.33,31.13,0.2,28.5,33.2432
Algae,52.6,6.21,8.75,31.92,10.0,500.0,,0.1,40.0,0.083,51.45,17.33,31.13,0.2,25.6,39.527
Algae,52.6,6.21,8.75,31.92,10.0,600.0,,0.1,40.0,0.083,51.45,17.33,31.13,0.2,22.3,35.2703
Grape Bagasse,46.59,6.25,1.67,45.49,15.0,550.0,30.0,0.05,50.0,6.2,68.42,4.7,20.68,0.5125,28.8,25.58
Grape Bagasse,46.59,6.25,1.67,45.49,15.0,550.0,30.0,0.1,50.0,6.2,68.42,4.7,20.68,0.5125,28.3,27.6
Grape Bagasse,46.59,6.25,1.67,45.49,15.0,550.0,30.0,0.15,50.0,6.2,68.42,4.7,20.68,0.5125,27.2,26.93
Grape Bagasse,46.59,6.25,1.67,45.49,15.0,550.0,30.0,0.2,50.0,6.2,68.42,4.7,20.68,0.5125,26.9,23.79
Grape Bagasse,46.59,6.25,1.67,45.49,15.0,350.0,30.0,,10.0,6.2,68.42,4.7,20.68,0.5125,41.7,17.6923
Grape Bagasse,46.59,6.25,1.67,45.49,15.0,400.0,30.0,,10.0,6.2,68.42,4.7,20.68,0.5125,39.1,19.4231
Grape Bagasse,46.59,6.25,1.67,45.49,15.0,450.0,30.0,,10.0,6.2,68.42,4.7,20.68,0.5125,34.8,20.1923
Grape Bagasse,46.59,6.25,1.67,45.49,15.0,500.0,30.0,,10.0,6.2,68.42,4.7,20.68,0.5125,33.1,21.5385
Grape Bagasse,46.59,6.25,1.67,45.49,15.0,550.0,30.0,,10.0,6.2,68.42,4.7,20.68,0.5125,31.6,23.0769
Grape Bagasse,46.59,6.25,1.67,45.49,15.0,600.0,30.0,,10.0,6.2,68.42,4.7,20.68,0.5125,28.8,17.8846
Grape Bagasse,46.59,6.25,1.67,45.49,15.0,350.0,30.0,,50.0,6.2,68.42,4.7,20.68,0.5125,37.9,21.5254
Grape Bagasse,46.59,6.25,1.67,45.49,15.0,400.0,30.0,,50.0,6.2,68.42,4.7,20.68,0.5125,34.0,22.8814
Grape Bagasse,46.59,6.25,1.67,45.49,15.0,450.0,30.0,,50.0,6.2,68.42,4.7,20.68,0.5125,32.6,23.7288
Grape Bagasse,46.59,6.25,1.67,45.49,15.0,500.0,30.0,,50.0,6.2,68.42,4.7,20.68,0.5125,32.6,24.2373
Grape Bagasse,46.59,6.25,1.67,45.49,15.0,550.0,30.0,,50.0,6.2,68.42,4.7,20.68,0.5125,30.6,25.2542
Grape Bagasse,46.59,6.25,1.67,45.49,15.0,600.0,30.0,,50.0,6.2,68.42,4.7,20.68,0.5125,28.1,24.2373
Babool Seed,54.1,6.12,5.23,34.53,20.0,400.0,,0.1,25.0,12.5,69.1,7.3,11.0,0.2,21.0,35.0658
Babool Seed,54.1,6.12,5.23,34.53,20.0,500.0,,0.1,25.0,12.5,69.1,7.3,11.0,0.2,18.1,38.9737
Babool Seed,54.1,6.12,5.23,34.53,20.0,600.0,,0.1,25.0,12.5,69.1,7.3,11.0,0.2,15.1,34.0
Babool Seed,54.1,6.12,5.23,34.53,20.0,700.0,,0.1,25.0,12.5,69.1,7.3,11.0,0.2,12.2,29.9342
Babool Seed,54.1,6.12,5.23,34.53,20.0,500.0,,0.1,25.0,12.5,69.1,7.3,11.0,0.2,17.9,32.016
Babool Seed,54.1,6.12,5.23,34.53,20.0,500.0,,0.1,25.0,12.5,69.1,7.3,11.0,0.5,24.0,30.992
Babool Seed,54.1,6.12,5.23,34.53,20.0,500.0,,0.1,25.0,12.5,69.1,7.3,11.0,0.7,24.8,30.0
Babool Seed,54.1,6.12,5.23,34.53,20.0,500.0,,0.1,25.0,12.5,69.1,7.3,11.0,0.9,25.7,30.032
Babool Seed,54.1,6.12,5.23,34.53,20.0,500.0,,0.1,25.0,12.5,69.1,7.3,11.0,0.2,20.0,34.0385
Babool Seed,54.1,6.12,5.23,34.53,20.0,500.0,,0.2,25.0,12.5,69.1,7.3,11.0,0.2,18.1,31.0577
Babool Seed,54.1,6.12,5.23,34.53,20.0,500.0,,0.3,25.0,12.5,69.1,7.3,11.0,0.2,19.0,29.0385
Babool Seed,54.1,6.12,5.23,34.53,20.0,500.0,,0.4,25.0,12.5,69.1,7.3,11.0,0.2,22.1,20.0
Safflower Seed,60.46,9.08,3.1,27.36,20.0,400.0,30.0,,5.0,5.7,80.8,2.2,11.3,1.2,23.2,34.4578
Safflower Seed,60.46,9.08,3.1,27.36,20.0,500.0,30.0,,5.0,5.7,80.8,2.2,11.3,1.2,20.7,39.0663
Safflower Seed,60.46,9.08,3.1,27.36,20.0,550.0,30.0,,5.0,5.7,80.8,2.2,11.3,1.2,20.3,38.9759
Safflower Seed,60.46,9.08,3.1,27.36,20.0,600.0,30.0,,5.0,5.7,80.8,2.2,11.3,1.2,20.1,37.4398
Safflower Seed,60.46,9.08,3.1,27.36,20.0,700.0,30.0,,5.0,5.7,80.8,2.2,11.3,1.2,20.0,32.0181
Safflower Seed,60.46,9.08,3.1,27.36,20.0,400.0,30.0,,40.0,5.7,80.8,2.2,11.3,1.2,18.8,31.5455
Safflower Seed,60.46,9.08,3.1,27.36,20.0,500.0,30.0,,40.0,5.7,80.8,2.2,11.3,1.2,18.5,36.0
Safflower Seed,60.46,9.08,3.1,27.36,20.0,550.0,30.0,,40.0,5.7,80.8,2.2,11.3,1.2,18.3,36.4545
Safflower Seed,60.46,9.08,3.1,27.36,20.0,600.0,30.0,,40.0,5.7,80.8,2.2,11.3,1.2,18.0,36.0
Safflower Seed,60.46,9.08,3.1,27.36,20.0,700.0,30.0,,40.0,5.7,80.8,2.2,11.3,1.2,17.6,33.3636
Safflower Seed,60.46,9.08,3.1,27.36,20.0,400.0,30.0,,80.0,5.7,80.8,2.2,11.3,1.2,16.8,32.1
Safflower Seed,60.46,9.08,3.1,27.36,20.0,500.0,30.0,,80.0,5.7,80.8,2.2,11.3,1.2,16.7,37.1
Safflower Seed,60.46,9.08,3.1,27.36,20.0,550.0,30.0,,80.0,5.7,80.8,2.2,11.3,1.2,16.4,37.1
Safflower Seed,60.46,9.08,3.1,27.36,20.0,600.0,30.0,,80.0,5.7,80.8,2.2,11.3,1.2,16.1,36.6
Safflower Seed,60.46,9.08,3.1,27.36,20.0,700.0,30.0,,80.0,5.7,80.8,2.2,11.3,1.2,16.1,33.1
Safflower Seed,60.46,9.08,3.1,27.36,20.0,500.0,30.0,,5.0,5.7,80.8,2.2,11.3,0.6375,20.2,38.4426
Safflower Seed,60.46,9.08,3.1,27.36,20.0,500.0,30.0,,5.0,5.7,80.8,2.2,11.3,1.05,20.3,39.0984
Safflower Seed,60.46,9.08,3.1,27.36,20.0,500.0,30.0,,5.0,5.7,80.8,2.2,11.3,1.525,23.2,37.9508
Safflower Seed,60.46,9.08,3.1,27.36,20.0,500.0,30.0,,5.0,5.7,80.8,2.2,11.3,1.8,24.8,32.623
Safflower Seed,60.46,9.08,3.1,27.36,20.0,500.0,30.0,0.05,5.0,5.7,80.8,2.2,11.3,0.8375,20.7,40.6
Safflower Seed,60.46,9.08,3.1,27.36,20.0,500.0,30.0,0.1,5.0,5.7,80.8,2.2,11.3,0.8375,20.0,43.7
Safflower Seed,60.46,9.08,3.1,27.36,20.0,500.0,30.0,0.2,5.0,5.7,80.8,2.2,11.3,0.8375,19.7,44.0
Safflower Seed,60.46,9.08,3.1,27.36,20.0,500.0,30.0,0.4,5.0,5.7,80.8,2.2,11.3,0.8375,19.6,39.6
Safflower Seed,60.46,9.08,3.1,27.36,20.0,500.0,30.0,0.1,5.0,5.7,80.8,2.2,11.3,0.6375,20.5,44.2727
Safflower Seed,60.46,9.08,3.1,27.36,20.0,500.0,30.0,0.1,5.0,5.7,80.8,2.2,11.3,1.05,20.5,44.0909
Safflower Seed,60.46,9.08,3.1,27.36,20.0,500.0,30.0,0.1,5.0,5.7,80.8,2.2,11.3,1.525,20.6,41.0909
Safflower Seed,60.46,9.08,3.1,27.36,20.0,500.0,30.0,0.1,5.0,5.7,80.8,2.2,11.3,1.8,22.6,34.5455
Hornbeam Shell,41.78,5.36,0.6,52.26,15.0,400.0,30.0,,7.0,2.28,78.83,9.52,9.37,0.75,40.3,18.5484
Hornbeam Shell,41.78,5.36,0.6,52.26,15.0,450.0,30.0,,7.0,2.28,78.83,9.52,9.37,0.75,36.3,20.8602
Hornbeam Shell,41.78,5.36,0.6,52.26,15.0,500.0,30.0,,7.0,2.28,78.83,9.52,9.37,0.75,34.8,21.8817
Hornbeam Shell,41.78,5.36,0.6,52.26,15.0,550.0,30.0,,7.0,2.28,78.83,9.52,9.37,0.75,34.0,22.04
Hornbeam Shell,41.78,5.36,0.6,52.26,15.0,600.0,30.0,,7.0,2.28,78.83,9.52,9.37,0.75,33.6,20.4839
Hornbeam Shell,41.78,5.36,0.6,52.26,15.0,550.0,30.0,,15.0,2.28,78.83,9.52,9.37,0.75,33.8,22.13
Hornbeam Shell,41.78,5.36,0.6,52.26,15.0,550.0,30.0,,30.0,2.28,78.83,9.52,9.37,0.75,33.1,22.67
Hornbeam Shell,41.78,5.36,0.6,52.26,15.0,550.0,30.0,,50.0,2.28,78.83,9.52,9.37,0.75,32.5,22.9
Hornbeam Shell,41.78,5.36,0.6,52.26,15.0,550.0,30.0,0.05,50.0,2.28,78.83,9.52,9.37,0.75,34.0,23.7542
Hornbeam Shell,41.78,5.36,0.6,52.26,15.0,550.0,30.0,0.1,50.0,2.28,78.83,9.52,9.37,0.75,32.5,24.6512
Hornbeam Shell,41.78,5.36,0.6,52.26,15.0,550.0,30.0,0.15,50.0,2.28,78.83,9.52,9.37,0.75,32.3,22.7575
Olive Kernel,44.82,5.08,0.92,49.18,10.0,400.0,30.0,,7.0,10.6,70.4,3.7,15.3,1.29,32.4,28.7
Olive Kernel,44.82,5.08,0.92,49.18,10.0,500.0,30.0,,7.0,10.6,70.4,3.7,15.3,1.29,28.8,32.7
Olive Kernel,44.82,5.08,0.92,49.18,10.0,550.0,30.0,,7.0,10.6,70.4,3.7,15.3,1.29,28.0,31.0
Olive Kernel,44.82,5.08,0.92,49.18,10.0,700.0,30.0,,7.0,10.6,70.4,3.7,15.3,1.29,27.5,30.2
Olive Kernel,44.82,5.08,0.92,49.18,10.0,500.0,30.0,0.05,7.0,10.6,70.4,3.7,15.3,1.29,28.4,37.043
Olive Kernel,44.82,5.08,0.92,49.18,10.0,500.0,30.0,0.1,7.0,10.6,70.4,3.7,15.3,1.29,27.8,38.1183
Olive Kernel,44.82,5.08,0.92,49.18,10.0,500.0,30.0,0.2,7.0,10.6,70.4,3.7,15.3,1.29,27.0,39.1935
Olive Kernel,44.82,5.08,0.92,49.18,10.0,500.0,30.0,0.4,7.0,10.6,70.4,3.7,15.3,1.29,27.7,37.3118
Olive Husk,53.1,6.2,0.8,39.9,5.0,400.0,,0.05,300.0,8.5,72.6,4.2,,0.45,30.7,29.3
Olive Husk,53.1,6.2,0.8,39.9,5.0,500.0,,0.05,300.0,8.5,72.6,4.2,,0.45,28.4,32.5
Olive Husk,53.1,6.2,0.8,39.9,5.0,550.0,,0.05,300.0,8.5,72.6,4.2,,0.45,27.0,33.9
Olive Husk,53.1,6.2,0.8,39.9,5.0,700.0,,0.05,300.0,8.5,72.6,4.2,,0.45,25.7,29.6
Olive Husk,53.1,6.2,0.8,39.9,5.0,400.0,,0.1,300.0,8.5,72.6,4.2,,0.45,30.0,30.2
Olive Husk,53.1,6.2,0.8,39.9,5.0,500.0,,0.1,300.0,8.5,72.6,4.2,,0.45,25.4,39.2
Olive Husk,53.1,6.2,0.8,39.9,5.0,550.0,,0.1,300.0,8.5,72.6,4.2,,0.45,25.0,39.4
Olive Husk,53.1,6.2,0.8,39.9,5.0,700.0,,0.1,300.0,8.5,72.6,4.2,,0.45,24.3,29.8
Olive Husk,53.1,6.2,0.8,39.9,5.0,400.0,,0.2,300.0,8.5,72.6,4.2,,0.45,29.6,30.0
Olive Husk,53.1,6.2,0.8,39.9,5.0,500.0,,0.2,300.0,8.5,72.6,4.2,,0.45,25.0,36.2
Olive Husk,53.1,6.2,0.8,39.9,5.0,550.0,,0.2,300.0,8.5,72.6,4.2,,0.45,24.3,36.4
Olive Husk,53.1,6.2,0.8,39.9,5.0,700.0,,0.2,300.0,8.5,72.6,4.2,,0.45,23.8,29.1
Olive Husk,53.1,6.2,0.8,39.9,5.0,400.0,,0.4,300.0,8.5,72.6,4.2,,0.45,29.1,29.8
Olive Husk,53.1,6.2,0.8,39.9,5.0,500.0,,0.4,300.0,8.5,72.6,4.2,,0.45,24.7,33.9
Olive Husk,53.1,6.2,0.8,39.9,5.0,550.0,,0.4,300.0,8.5,72.6,4.2,,0.45,23.8,33.5
Olive Husk,53.1,6.2,0.8,39.9,5.0,700.0,,0.4,300.0,8.5,72.6,4.2,,0.45,23.4,28.6
Lemon Grass,39.34,5.81,1.54,53.3,100.0,350.0,,,30.0,8.2,59.99,7.21,24.78,0.65,42.2,29.3814
Lemon Grass,39.34,5.81,1.54,53.3,100.0,400.0,,,30.0,8.2,59.99,7.21,24.78,0.65,40.1,32.4742
Lemon Grass,39.34,5.81,1.54,53.3,100.0,450.0,,,30.0,8.2,59.99,7.21,24.78,0.65,35.9,36.0309
Lemon Grass,39.34,5.81,1.54,53.3,100.0,500.0,,,30.0,8.2,59.99,7.21,24.78,0.65,31.2,33.7113
Lemon Grass,39.34,5.81,1.54,53.3,100.0,550.0,,,30.0,8.2,59.99,7.21,24.78,0.65,25.1,31.5464
Lemon Grass,39.34,5.81,1.54,53.3,100.0,450.0,,,30.0,8.2,59.99,7.21,24.78,0.45,29.4,32.5862
Lemon Grass,39.34,5.81,1.54,53.3,100.0,450.0,,,30.0,8.2,59.99,7.21,24.78,0.65,32.5,35.2241
Lemon Grass,39.34,5.81,1.54,53.3,100.0,450.0,,,30.0,8.2,59.99,7.21,24.78,0.85,36.1,36.1552
Lemon Grass,39.34,5.81,1.54,53.3,100.0,450.0,,,30.0,8.2,59.99,7.21,24.78,1.25,38.9,35.3793
Lemon Grass,39.34,5.81,1.54,53.3,100.0,450.0,,,15.0,8.2,59.99,7.21,24.78,0.85,40.0,34.5
Lemon Grass,39.34,5.81,1.54,53.3,100.0,450.0,,,30.0,8.2,59.99,7.21,24.78,0.85,36.0,36.1667
Lemon Grass,39.34,5.81,1.54,53.3,100.0,450.0,,,45.0,8.2,59.99,7.21,24.78,0.85,24.9,40.6667
Hazelnut Cupula,51.15,5.89,2.12,40.84,2.0,400.0,30.0,0.2,200.0,9.86,70.16,6.02,13.96,0.2,33.6,43.5826
Hazelnut Cupula,51.15,5.89,2.12,40.84,2.0,500.0,30.0,0.2,200.0,9.86,70.16,6.02,13.96,0.2,27.9,48.9043
Hazelnut Cupula,51.15,5.89,2.12,40.84,2.0,600.0,30.0,0.2,200.0,9.86,70.16,6.02,13.96,0.2,24.8,52.3478
Hazelnut Cupula,51.15,5.89,2.12,40.84,2.0,700.0,30.0,0.2,200.0,9.86,70.16,6.02,13.96,0.2,22.6,45.4609
Hazelnut Cupula,51.15,5.89,2.12,40.84,2.0,600.0,30.0,0.2,200.0,9.86,70.16,6.02,13.96,0.15,25.4,51.5464
Hazelnut Cupula,51.15,5.89,2.12,40.84,2.0,600.0,30.0,0.2,200.0,9.86,70.16,6.02,13.96,0.2,23.8,52.4055
Hazelnut Cupula,51.15,5.89,2.12,40.84,2.0,600.0,30.0,0.2,200.0,9.86,70.16,6.02,13.96,0.3375,24.1,52.0619
Hazelnut Cupula,51.15,5.89,2.12,40.84,2.0,600.0,30.0,0.2,200.0,9.86,70.16,6.02,13.96,0.7125,26.1,51.7182
Hazelnut Cupula,51.15,5.89,2.12,40.84,2.0,600.0,30.0,0.1,200.0,9.86,70.16,6.02,13.96,0.2,25.3,50.1167
Hazelnut Cupula,51.15,5.89,2.12,40.84,2.0,600.0,30.0,0.15,200.0,9.86,70.16,6.02,13.96,0.2,25.0,50.7393
Hazelnut Cupula,51.15,5.89,2.12,40.84,2.0,600.0,30.0,0.2,200.0,9.86,70.16,6.02,13.96,0.2,25.0,53.0739
Hazelnut Cupula,51.15,5.89,2.12,40.84,2.0,600.0,30.0,0.25,200.0,9.86,70.16,6.02,13.96,0.2,24.4,52.7626
Hazelnut Cupula,43.8,6.29,7.92,41.99,20.0,350.0,30.0,,10.0,9.97,68.22,6.56,15.25,0.5125,35.0,24.5052
Hazelnut Cupula,43.8,6.29,7.92,41.99,20.0,400.0,30.0,,10.0,9.97,68.22,6.56,15.25,0.5125,31.8,29.6398
Hazelnut Cupula,43.8,6.29,7.92,41.99,20.0,450.0,30.0,,10.0,9.97,68.22,6.56,15.25,0.5125,29.6,31.4948
Hazelnut Cupula,43.8,6.29,7.92,41.99,20.0,500.0,30.0,,10.0,9.97,68.22,6.56,15.25,0.5125,27.8,33.0186
Hazelnut Cupula,43.8,6.29,7.92,41.99,20.0,550.0,30.0,,10.0,9.97,68.22,6.56,15.25,0.5125,26.7,29.1429
Hazelnut Cupula,43.8,6.29,7.92,41.99,20.0,350.0,30.0,,50.0,9.97,68.22,6.56,15.25,0.5125,33.4,23.1159
Hazelnut Cupula,43.8,6.29,7.92,41.99,20.0,400.0,30.0,,50.0,9.97,68.22,6.56,15.25,0.5125,29.9,27.5604
Hazelnut Cupula,43.8,6.29,7.92,41.99,20.0,450.0,30.0,,50.0,9.97,68.22,6.56,15.25,0.5125,28.5,29.1063
Hazelnut Cupula,43.8,6.29,7.92,41.99,20.0,500.0,30.0,,50.0,9.97,68.22,6.56,15.25,0.5125,27.2,30.1691
Hazelnut Cupula,43.8,6.29,7.92,41.99,20.0,550.0,30.0,,50.0,9.97,68.22,6.56,15.25,0.5125,26.1,28.43
Hazelnut Cupula,43.8,6.29,7.92,41.99,20.0,500.0,30.0,,10.0,9.97,68.22,6.56,15.25,0.3245,27.8,30.6983
Hazelnut Cupula,43.8,6.29,7.92,41.99,20.0,500.0,30.0,,10.0,9.97,68.22,6.56,15.25,0.5125,27.9,33.1686
Hazelnut Cupula,43.8,6.29,7.92,41.99,20.0,500.0,30.0,,10.0,9.97,68.22,6.56,15.25,0.725,27.5,32.5748
Hazelnut Cupula,43.8,6.29,7.92,41.99,20.0,500.0,30.0,,10.0,9.97,68.22,6.56,15.25,0.85,27.4,31.9097
Hazelnut Cupula,43.8,6.29,7.92,41.99,20.0,500.0,30.0,0.05,10.0,9.97,68.22,6.56,15.25,0.5125,27.3,33.3448
Hazelnut Cupula,43.8,6.29,7.92,41.99,20.0,500.0,30.0,0.1,10.0,9.97,68.22,6.56,15.25,0.5125,27.3,33.4655
Hazelnut Cupula,43.8,6.29,7.92,41.99,20.0,500.0,30.0,0.15,10.0,9.97,68.22,6.56,15.25,0.5125,27.1,34.4009
Hazelnut Cupula,43.8,6.29,7.92,41.99,20.0,500.0,30.0,0.2,10.0,9.97,68.22,6.56,15.25,0.5125,27.4,32.5302
Pine,46.08,5.29,0.22,48.41,15.0,300.0,30.0,,7.0,7.4,87.04,0.35,12.61,1.0,36.8,20.9955
Pine,46.08,5.29,0.22,48.41,15.0,350.0,30.0,,7.0,7.4,87.04,0.35,12.61,1.0,32.6,21.4299
Pine,46.08,5.29,0.22,48.41,15.0,400.0,30.0,,7.0,7.4,87.04,0.35,12.61,1.0,31.0,22.8054
Pine,46.08,5.29,0.22,48.41,15.0,450.0,30.0,,7.0,7.4,87.04,0.35,12.61,1.0,28.9,23.0226
Pine,46.08,5.29,0.22,48.41,15.0,500.0,30.0,,7.0,7.4,87.04,0.35,12.61,1.0,27.1,22.8778
Pine,46.08,5.29,0.22,48.41,15.0,550.0,30.0,,7.0,7.4,87.04,0.35,12.61,1.0,27.1,22.1538
Pine,46.08,5.29,0.22,48.41,15.0,300.0,30.0,,40.0,7.4,87.04,0.35,12.61,1.0,28.9,23.457
Pine,46.08,5.29,0.22,48.41,15.0,350.0,30.0,,40.0,7.4,87.04,0.35,12.61,1.0,26.0,25.9186
Pine,46.08,5.29,0.22,48.41,15.0,400.0,30.0,,40.0,7.4,87.04,0.35,12.61,1.0,25.3,27.1493
Pine,46.08,5.29,0.22,48.41,15.0,450.0,30.0,,40.0,7.4,87.04,0.35,12.61,1.0,24.1,27.2217
Pine,46.08,5.29,0.22,48.41,15.0,500.0,30.0,,40.0,7.4,87.04,0.35,12.61,1.0,22.9,28.2353
Pine,46.08,5.29,0.22,48.41,15.0,550.0,30.0,,40.0,7.4,87.04,0.35,12.61,1.0,21.7,26.2081
Pine,46.08,5.29,0.22,48.41,15.0,500.0,30.0,0.05,40.0,7.4,87.04,0.35,12.61,1.0,23.3,30.8194
Pine,46.08,5.29,0.22,48.41,15.0,500.0,30.0,0.1,40.0,7.4,87.04,0.35,12.61,1.0,23.5,29.7324
Pine,46.08,5.29,0.22,48.41,15.0,500.0,30.0,0.2,40.0,7.4,87.04,0.35,12.61,1.0,24.1,28.1438
Pine,46.08,5.29,0.22,48.41,15.0,500.0,30.0,0.3,40.0,7.4,87.04,0.35,12.61,1.0,24.0,27.2241
Sunflower Bagasse,53.2,7.1,8.0,31.7,30.0,400.0,30.0,,7.0,5.0,78.4,6.1,10.5,0.6375,27.38,19.7805
Sunflower Bagasse,53.2,7.1,8.0,31.7,30.0,500.0,30.0,,7.0,5.0,78.4,6.1,10.5,0.6375,27.93,21.0488
Sunflower Bagasse,53.2,7.1,8.0,31.7,30.0,550.0,30.0,,7.0,5.0,78.4,6.1,10.5,0.6375,28.53,21.5
Sunflower Bagasse,53.2,7.1,8.0,31.7,30.0,700.0,30.0,,7.0,5.0,78.4,6.1,10.5,0.6375,29.1,21.0
Sunflower Bagasse,53.2,7.1,8.0,31.7,30.0,400.0,30.0,,40.0,5.0,78.4,6.1,10.5,0.6375,25.66,19.8515
Sunflower Bagasse,53.2,7.1,8.0,31.7,30.0,500.0,30.0,,40.0,5.0,78.4,6.1,10.5,0.6375,25.66,20.0495
Sunflower Bagasse,53.2,7.1,8.0,31.7,30.0,550.0,30.0,,40.0,5.0,78.4,6.1,10.5,0.6375,25.48,20.8416
Sunflower Bagasse,53.2,7.1,8.0,31.7,30.0,700.0,30.0,,40.0,5.0,78.4,6.1,10.5,0.6375,24.9,20.0
Soybean Cake,55.89,6.57,9.29,28.25,3.0,400.0,30.0,0.1,300.0,8.38,71.6,5.63,14.39,0.8375,30.09999999999999,33.6735
Soybean Cake,55.89,6.57,9.29,28.25,3.0,500.0,30.0,0.1,300.0,8.38,71.6,5.63,14.39,0.8375,23.8,37.2109
Soybean Cake,55.89,6.57,9.29,28.25,3.0,550.0,30.0,0.1,300.0,8.38,71.6,5.63,14.39,0.8375,21.59999999999999,38.5714
Soybean Cake,55.89,6.57,9.29,28.25,3.0,700.0,30.0,0.1,300.0,8.38,71.6,5.63,14.39,0.8375,18.40000000000001,35.8503
Soybean Cake,55.89,6.57,9.29,28.25,3.0,550.0,30.0,0.2,5.0,8.38,71.6,5.63,14.39,0.6375,25.40000000000001,34.7586
Soybean Cake,55.89,6.57,9.29,28.25,3.0,550.0,30.0,0.2,100.0,8.38,71.6,5.63,14.39,0.6375,22.15000000000001,38.1724
Soybean Cake,55.89,6.57,9.29,28.25,3.0,550.0,30.0,0.2,300.0,8.38,71.6,5.63,14.39,0.6375,20.40000000000001,41.8966
Soybean Cake,55.89,6.57,9.29,28.25,3.0,550.0,30.0,0.2,700.0,8.38,71.6,5.63,14.39,0.6375,19.8,43.4483
Soybean Cake,55.89,6.57,9.29,28.25,3.0,550.0,30.0,0.1,300.0,8.38,71.6,5.63,14.39,0.3245,22.59999999999999,37.7816
Soybean Cake,55.89,6.57,9.29,28.25,3.0,550.0,30.0,0.1,300.0,8.38,71.6,5.63,14.39,0.6375,21.5,39.3174
Soybean Cake,55.89,6.57,9.29,28.25,3.0,550.0,30.0,0.1,300.0,8.38,71.6,5.63,14.39,1.05,21.8,39.0102
Soybean Cake,55.89,6.57,9.29,28.25,3.0,550.0,30.0,0.1,300.0,8.38,71.6,5.63,14.39,1.525,22.7,39.0102
Soybean Cake,55.89,6.57,9.29,28.25,3.0,550.0,30.0,0.05,300.0,8.38,71.6,5.63,14.39,0.6375,22.59999999999999,38.1
Soybean Cake,55.89,6.57,9.29,28.25,3.0,550.0,30.0,0.1,300.0,8.38,71.6,5.63,14.39,0.6375,21.2,39.3
Soybean Cake,55.89,6.57,9.29,28.25,3.0,550.0,30.0,0.2,300.0,8.38,71.6,5.63,14.39,0.6375,20.2,41.3
Soybean Cake,55.89,6.57,9.29,28.25,3.0,550.0,30.0,0.4,300.0,8.38,71.6,5.63,14.39,0.6375,20.7,40.5
Sesame Stalk,52.43,6.09,0.62,40.86,3.0,400.0,30.0,0.1,300.0,8.7,74.8,6.63,9.87,0.6375,32.9,28.2014
Sesame Stalk,52.43,6.09,0.62,40.86,3.0,500.0,30.0,0.1,300.0,8.7,74.8,6.63,9.87,0.6375,22.9,34.6763
Sesame Stalk,52.43,6.09,0.62,40.86,3.0,550.0,30.0,0.1,300.0,8.7,74.8,6.63,9.87,0.6375,20.2,35.5396
Sesame Stalk,52.43,6.09,0.62,40.86,3.0,700.0,30.0,0.1,300.0,8.7,74.8,6.63,9.87,0.6375,16.6,28.9209
Sesame Stalk,52.43,6.09,0.62,40.86,3.0,550.0,30.0,0.1,100.0,8.7,74.8,6.63,9.87,0.6375,22.3,32.7517
Sesame Stalk,52.43,6.09,0.62,40.86,3.0,550.0,30.0,0.1,300.0,8.7,74.8,6.63,9.87,0.6375,20.0,35.5705
Sesame Stalk,52.43,6.09,0.62,40.86,3.0,550.0,30.0,0.1,500.0,8.7,74.8,6.63,9.87,0.6375,18.5,36.7785
Sesame Stalk,52.43,6.09,0.62,40.86,3.0,550.0,30.0,0.1,700.0,8.7,74.8,6.63,9.87,0.6375,19.9,36.5772
Sesame Stalk,52.43,6.09,0.62,40.86,3.0,550.0,30.0,0.1,300.0,8.7,74.8,6.63,9.87,0.3245,22.5,33.4
Sesame Stalk,52.43,6.09,0.62,40.86,3.0,550.0,30.0,0.1,300.0,8.7,74.8,6.63,9.87,0.6375,20.1,35.4
Sesame Stalk,52.43,6.09,0.62,40.86,3.0,550.0,30.0,0.1,300.0,8.7,74.8,6.63,9.87,1.05,21.5,33.5
Sesame Stalk,52.43,6.09,0.62,40.86,3.0,550.0,30.0,0.1,300.0,8.7,74.8,6.63,9.87,1.525,20.1,34.3
Sesame Stalk,52.43,6.09,0.62,40.86,3.0,550.0,30.0,0.05,500.0,8.7,74.8,6.63,9.87,0.6375,19.6,33.5
Sesame Stalk,52.43,6.09,0.62,40.86,3.0,550.0,30.0,0.1,500.0,8.7,74.8,6.63,9.87,0.6375,17.9,36.1
Sesame Stalk,52.43,6.09,0.62,40.86,3.0,550.0,30.0,0.2,500.0,8.7,74.8,6.63,9.87,0.6375,16.6,37.1
Sesame Stalk,52.43,6.09,0.62,40.86,3.0,550.0,30.0,0.4,500.0,8.7,74.8,6.63,9.87,0.6375,17.9,36.1
Sesame Stalk,52.43,6.09,0.62,40.86,3.0,550.0,30.0,0.8,500.0,8.7,74.8,6.63,9.87,0.6375,17.7,36.0
Bamboo,47.58,6.13,0.52,45.73,50.0,700.0,150.0,,5.0,,85.53,1.15,13.32,0.3,31.2,39.1
Bamboo,47.58,6.13,0.52,45.73,50.0,700.0,90.0,,10.0,,85.53,1.15,13.32,0.3,25.5,36.3
Bamboo,47.58,6.13,0.52,45.73,50.0,700.0,60.0,,20.0,,85.53,1.15,13.32,0.3,23.6,35.1
Bamboo,47.58,6.13,0.52,45.73,50.0,700.0,30.0,,30.0,,85.53,1.15,13.32,0.3,22.6,34.6
Wood,58.2,6.24,0.31,33.07,500.0,400.0,55.2,,15.0,,77.86,1.08,21.06,,39.4,
Wood,58.2,6.24,0.31,33.07,500.0,500.0,63.6,,15.0,,77.86,1.08,21.06,,35.6,
Wood,58.2,6.24,0.31,33.07,500.0,600.0,83.39999999999999,,15.0,,77.86,1.08,21.06,,33.3,
Wood,58.2,6.24,0.31,33.07,500.0,700.0,126.6,,15.0,,77.86,1.08,21.06,,31.6,
Wood,58.2,6.24,0.31,33.07,500.0,800.0,166.8,,15.0,,77.86,1.08,21.06,,27.0,
Wood,57.33,6.53,0.29,33.63,500.0,400.0,55.2,,15.0,,78.25,0.82,20.93,,31.4,
Wood,57.33,6.53,0.29,33.63,500.0,500.0,63.6,,15.0,,78.25,0.82,20.93,,33.5,
Wood,57.33,6.53,0.29,33.63,500.0,600.0,83.39999999999999,,15.0,,78.25,0.82,20.93,,30.9,
Wood,57.33,6.53,0.29,33.63,500.0,700.0,126.6,,15.0,,78.25,0.82,20.93,,29.5,
Wood,57.33,6.53,0.29,33.63,500.0,800.0,166.8,,15.0,,78.25,0.82,20.93,,27.8,
Palm Shell,46.77,16.53,0.63,33.34,500.0,400.0,55.2,,15.0,,79.32,2.23,18.45,,38.8,
Palm Shell,46.77,16.53,0.63,33.34,500.0,500.0,63.6,,15.0,,79.32,2.23,18.45,,35.4,
Palm Shell,46.77,16.53,0.63,33.34,500.0,600.0,83.39999999999999,,15.0,,79.32,2.23,18.45,,33.8,
Palm Shell,46.77,16.53,0.63,33.34,500.0,700.0,126.6,,15.0,,79.32,2.23,18.45,,32.1,
Palm Shell,46.77,16.53,0.63,33.34,500.0,800.0,166.8,,15.0,,79.32,2.23,18.45,,30.9,
Manure,46.52,5.49,2.29,33.2,1000.0,350.0,240.0,,2.5,86.5,80.7,14.8,4.5,,54.9,
Manure,46.52,5.49,2.29,33.2,1000.0,700.0,240.0,,8.33,86.5,80.7,14.8,4.5,,35.0,
Manure,45.05,5.47,2.37,32.47,1000.0,350.0,240.0,,2.5,77.9,76.7,15.4,7.9,,51.1,
Manure,45.05,5.47,2.37,32.47,1000.0,700.0,240.0,,8.33,77.9,76.7,15.4,7.9,,32.2,
Poultry Litter,42.15,5.23,3.67,34.8,1000.0,350.0,240.0,,2.5,23.7,74.3,16.9,8.8,,54.3,
Poultry Litter,42.15,5.23,3.67,34.8,1000.0,700.0,240.0,,8.33,23.7,74.3,16.9,8.8,,36.7,
Manure,47.42,6.01,4.11,26.07,1000.0,350.0,240.0,,2.5,78.5,73.6,20.9,5.6,,62.3,
Manure,47.42,6.01,4.11,26.07,1000.0,700.0,240.0,,8.33,78.5,73.6,20.9,5.6,,36.4,
Poultry Litter,40.45,5.04,3.43,30.23,1000.0,350.0,240.0,,2.5,26.1,74.0,20.3,5.7,,58.1,
Poultry Litter,40.45,5.04,3.43,30.23,1000.0,700.0,240.0,,8.33,26.1,74.0,20.3,5.7,,39.9,
Wood,45.6,6.0,0.02,48.4,1.0,350.0,60.0,,10.0,13.0,93.6,1.2,0.0,1.0,42.6,
Wood,45.6,6.0,0.02,48.4,1.0,450.0,60.0,,10.0,13.0,93.6,1.2,0.0,1.0,42.4,
Wood,45.6,6.0,0.02,48.4,1.0,550.0,60.0,,10.0,13.0,93.6,1.2,0.0,1.0,36.4,
Wood,45.6,6.0,0.02,48.4,1.0,650.0,60.0,,10.0,13.0,93.6,1.2,0.0,1.0,33.3,
Sugarcane Bagasse,42.4,6.1,1.43,50.5,1.0,350.0,60.0,,10.0,13.0,90.6,8.5,0.0,1.0,41.5,
Sugarcane Bagasse,42.4,6.1,1.43,50.5,1.0,450.0,60.0,,10.0,13.0,90.6,8.5,0.0,1.0,37.6,
Sugarcane Bagasse,42.4,6.1,1.43,50.5,1.0,550.0,60.0,,10.0,13.0,90.6,8.5,0.0,1.0,34.6,
Sugarcane Bagasse,42.4,6.1,1.43,50.5,1.0,650.0,60.0,,10.0,13.0,90.6,8.5,0.0,1.0,32.8,
Rice Husk,36.1,5.0,0.3,58.6,1.0,350.0,60.0,,10.0,13.0,77.0,19.5,0.0,1.0,49.6,
Rice Husk,36.1,5.0,0.3,58.6,1.0,450.0,60.0,,10.0,13.0,77.0,19.5,0.0,1.0,49.2,
Rice Husk,36.1,5.0,0.3,58.6,1.0,550.0,60.0,,10.0,13.0,77.0,19.5,0.0,1.0,46.5,
Rice Husk,36.1,5.0,0.3,58.6,1.0,650.0,60.0,,10.0,13.0,77.0,19.5,0.0,1.0,46.6,
Poultry Litter,30.4,4.5,1.46,62.0,1.0,350.0,60.0,,10.0,13.0,69.7,29.7,0.0,1.0,59.6,
Poultry Litter,30.4,4.5,1.46,62.0,1.0,450.0,60.0,,10.0,13.0,69.7,29.7,0.0,1.0,47.1,
Poultry Litter,30.4,4.5,1.46,62.0,1.0,550.0,60.0,,10.0,13.0,69.7,29.7,0.0,1.0,42.0,
Poultry Litter,30.4,4.5,1.46,62.0,1.0,650.0,60.0,,10.0,13.0,69.7,29.7,0.0,1.0,40.2,
Switch Grass,40.02,6.48,1.07,41.97,7.0,200.0,60.0,0.08,10.0,8.19,86.44,2.27,3.09,,69.7,8.43
Switch Grass,40.02,6.48,1.07,41.97,7.0,400.0,60.0,0.08,10.0,8.19,86.44,2.27,3.09,,31.1,31.9
Switch Grass,40.02,6.48,1.07,41.97,7.0,600.0,60.0,0.08,10.0,8.19,86.44,2.27,3.09,,23.07,34.6
Switch Grass,40.02,6.48,1.07,41.97,7.0,800.0,60.0,0.08,10.0,8.19,86.44,2.27,3.09,,20.61,36.8
Oak,47.65,6.62,0.93,33.61,7.0,200.0,60.0,0.08,10.0,9.51,77.64,1.69,11.16,,75.09,8.68
Oak,47.65,6.62,0.93,33.61,7.0,400.0,60.0,0.08,10.0,9.51,77.64,1.69,11.16,,38.28,29.7
Oak,47.65,6.62,0.93,33.61,7.0,600.0,60.0,0.08,10.0,9.51,77.64,1.69,11.16,,26.5,37.4
Oak,47.65,6.62,0.93,33.61,7.0,800.0,60.0,0.08,10.0,9.51,77.64,1.69,11.16,,25.03,38.1
Sewage Sludge,33.46,4.41,3.26,16.08,7.0,200.0,60.0,0.08,10.0,7.44,50.6,35.35,6.61,,75.09,8.02
Sewage Sludge,33.46,4.41,3.26,16.08,7.0,400.0,60.0,0.08,10.0,7.44,50.6,35.35,6.61,,48.59,9.83
Sewage Sludge,33.46,4.41,3.26,16.08,7.0,600.0,60.0,0.08,10.0,7.44,50.6,35.35,6.61,,32.88,15.7
Sewage Sludge,33.46,4.41,3.26,16.08,7.0,800.0,60.0,0.08,10.0,7.44,50.6,35.35,6.61,,29.94,15.4
Miscanthus,47.6,5.5,0.8,46.1,20.0,300.0,60.0,1.2,10.0,7.3,73.2,3.6,15.9,0.8,49.54,30.7
Miscanthus,47.6,5.5,0.8,46.1,20.0,400.0,60.0,1.2,10.0,7.3,73.2,3.6,15.9,0.8,30.95,48.31
Miscanthus,47.6,5.5,0.8,46.1,20.0,450.0,60.0,1.2,10.0,7.3,73.2,3.6,15.9,0.8,29.42,49.01
Miscanthus,47.6,5.5,0.8,46.1,20.0,500.0,60.0,1.2,10.0,7.3,73.2,3.6,15.9,0.8,27.15,50.03
Miscanthus,47.6,5.5,0.8,46.1,20.0,550.0,60.0,1.2,10.0,7.3,73.2,3.6,15.9,0.8,26.21,50.57
Miscanthus,47.6,5.5,0.8,46.1,20.0,600.0,60.0,1.2,10.0,7.3,73.2,3.6,15.9,0.8,25.92,49.78
Miscanthus,47.6,5.5,0.8,46.1,20.0,700.0,60.0,1.2,10.0,7.3,73.2,3.6,15.9,0.8,25.1,48.24
Wood,48.9,6.2,0.1,42.5,10.0,450.0,0.5,0.08,450.0,,71.7,2.3,19.2,,24.0,48.1
Wood,48.9,6.2,0.1,42.5,10.0,450.0,30.0,0.08,2.0,,71.7,2.3,19.2,,44.11363636,23.9
Timothy Grass,43.4,6.1,1.3,45.4,10.0,450.0,0.5,0.08,450.0,,78.2,3.6,12.6,,22.09090909,41.8
Timothy Grass,43.4,6.1,1.3,45.4,10.0,450.0,30.0,0.08,2.0,,78.2,3.6,12.6,,42.54545455,18.2
Wheat Straw,44.1,6.0,0.4,45.0,10.0,450.0,0.5,0.08,450.0,,70.1,4.4,20.3,,21.13636364,40.0
Wheat Straw,44.1,6.0,0.4,45.0,10.0,450.0,30.0,0.08,2.0,,70.1,4.4,20.3,,41.59090909,19.3
Manure,42.4,6.9,5.9,43.1,30.0,300.0,40.0,0.55,15.0,80.4,74.7,17.0,8.3,,51.9,
Manure,42.4,6.9,5.9,43.1,30.0,400.0,40.0,0.55,15.0,80.4,74.7,17.0,8.3,,44.7,
Manure,42.4,6.9,5.9,43.1,30.0,500.0,40.0,0.55,15.0,80.4,74.7,17.0,8.3,,35.1,
Manure,42.4,6.9,5.9,43.1,30.0,600.0,40.0,0.55,15.0,80.4,74.7,17.0,8.3,,31.2,
Manure,42.4,6.9,5.9,43.1,30.0,700.0,40.0,0.55,15.0,80.4,74.7,17.0,8.3,,30.6,
Manure,59.6,8.9,5.9,23.9,15.0,450.0,30.0,0.1,10.0,,60.9,27.4,11.7,0.45,49.5,30.3
Manure,59.6,8.9,5.9,23.9,15.0,550.0,30.0,0.1,10.0,,60.9,27.4,11.7,0.45,45.0,30.0
Manure,59.6,8.9,5.9,23.9,15.0,650.0,30.0,0.1,10.0,,60.9,27.4,11.7,0.45,42.3,29.8
Olive Kernel,53.5,7.1,2.1,36.8,15.0,450.0,30.0,0.1,10.0,,73.6,17.1,19.3,0.45,38.6,35.4
Olive Kernel,53.5,7.1,2.1,36.8,15.0,550.0,30.0,0.1,10.0,,73.6,17.1,19.3,0.45,34.4,34.9
Olive Kernel,53.5,7.1,2.1,36.8,15.0,650.0,30.0,0.1,10.0,,73.6,17.1,19.3,0.45,31.1,34.6
Wood,50.4,6.5,0.4,42.6,15.0,450.0,30.0,0.1,10.0,,27.4,3.5,7.1,0.45,34.7,41.0
Wood,50.4,6.5,0.4,42.6,15.0,550.0,30.0,0.1,10.0,,27.4,3.5,7.1,0.45,30.2,42.7
Wood,50.4,6.5,0.4,42.6,15.0,650.0,30.0,0.1,10.0,,27.4,3.5,7.1,0.45,27.3,44.0
Rice Husk,45.09,6.62,0.5,47.78,2.0,350.0,10.0,0.06,10.0,6.73,53.8,22.46,17.01,1.85,64.55176768,22.8
Rice Husk,45.09,6.62,0.5,47.78,2.0,400.0,10.0,0.06,10.0,6.73,53.8,22.46,17.01,1.85,54.46791282,31.2
Rice Husk,45.09,6.62,0.5,47.78,2.0,450.0,10.0,0.06,10.0,6.73,53.8,22.46,17.01,1.85,52.11284036,31.0
Rice Husk,45.09,6.62,0.5,47.78,2.0,500.0,10.0,0.06,10.0,6.73,53.8,22.46,17.01,1.85,45.6514877,40.4
Rice Husk,45.09,6.62,0.5,47.78,2.0,550.0,10.0,0.06,10.0,6.73,53.8,22.46,17.01,1.85,41.8485123,44.3
Rice Husk,45.09,6.62,0.5,47.78,2.0,600.0,10.0,0.06,10.0,6.73,53.8,22.46,17.01,1.85,45.04830918,38.7
Rice Husk,45.09,6.62,0.5,47.78,2.0,650.0,10.0,0.06,10.0,6.73,53.8,22.46,17.01,1.85,41.24396135,41.9
Peanut Shell,50.64,6.86,1.18,41.32,2.0,350.0,10.0,0.06,10.0,5.32,70.03,1.47,23.18,3.3,84.83412322,8.22
Peanut Shell,50.64,6.86,1.18,41.32,2.0,400.0,10.0,0.06,10.0,5.32,70.03,1.47,23.18,3.3,60.18957346,17.7
Peanut Shell,50.64,6.86,1.18,41.32,2.0,450.0,10.0,0.06,10.0,5.32,70.03,1.47,23.18,3.3,54.02843602,31.3
Peanut Shell,50.64,6.86,1.18,41.32,2.0,500.0,10.0,0.06,10.0,5.32,70.03,1.47,23.18,3.3,29.14691943,52.3
Peanut Shell,50.64,6.86,1.18,41.32,2.0,550.0,10.0,0.06,10.0,5.32,70.03,1.47,23.18,3.3,26.06635071,47.9
Peanut Shell,50.64,6.86,1.18,41.32,2.0,600.0,10.0,0.06,10.0,5.32,70.03,1.47,23.18,3.3,40.52132701,34.2
Peanut Shell,50.64,6.86,1.18,41.32,2.0,650.0,10.0,0.06,10.0,5.32,70.03,1.47,23.18,3.3,36.96682464,37.7
Wheat Straw,43.09,7.28,2.5,47.02,2.0,350.0,10.0,0.06,10.0,8.39,64.47,10.59,16.54,3.3,47.03087886,42.3
Wheat Straw,43.09,7.28,2.5,47.02,2.0,400.0,10.0,0.06,10.0,8.39,64.47,10.59,16.54,3.3,42.75534442,44.1
Wheat Straw,43.09,7.28,2.5,47.02,2.0,450.0,10.0,0.06,10.0,8.39,64.47,10.59,16.54,3.3,33.72921615,50.0
Wheat Straw,43.09,7.28,2.5,47.02,2.0,500.0,10.0,0.06,10.0,8.39,64.47,10.59,16.54,3.3,30.16627078,55.7
Wheat Straw,43.09,7.28,2.5,47.02,2.0,550.0,10.0,0.06,10.0,8.39,64.47,10.59,16.54,3.3,27.79097387,57.5
Wheat Straw,43.09,7.28,2.5,47.02,2.0,600.0,10.0,0.06,10.0,8.39,64.47,10.59,16.54,3.3,27.31591449,55.5
Wheat Straw,43.09,7.28,2.5,47.02,2.0,650.0,10.0,0.06,10.0,8.39,64.47,10.59,16.54,3.3,25.65320665,55.5
Miscanthus,47.0,6.44,0.44,45.63,400.0,500.0,30.0,2.0,7.0,,80.57,1.37,18.06,2.0,31.05263,40.8
Miscanthus,46.8,6.45,0.47,45.74,400.0,500.0,30.0,2.0,7.0,,80.06,1.83,18.1,2.0,30.52632,50.585
Switchgrass,48.02,6.71,0.52,44.19,400.0,500.0,30.0,2.0,7.0,,79.76,2.02,18.22,2.0,30.78947,46.3
Switchgrass,47.03,6.45,0.53,45.46,400.0,500.0,30.0,2.0,7.0,,80.59,1.21,17.03,2.0,30.26316,46.2
Safflower Seed,49.5,6.9,3.0,40.6,20.0,400.0,30.0,,10.0,6.0,83.0,3.0,14.0,1.8,34.29,27.5
Safflower Seed,49.5,6.9,3.0,40.6,20.0,450.0,30.0,,10.0,6.0,83.0,3.0,14.0,1.8,30.94,29.8
Safflower Seed,49.5,6.9,3.0,40.6,20.0,500.0,30.0,,10.0,6.0,83.0,3.0,14.0,1.8,28.83,31.5
Safflower Seed,49.5,6.9,3.0,40.6,20.0,550.0,30.0,,10.0,6.0,83.0,3.0,14.0,1.8,28.45,29.7
Safflower Seed,49.5,6.9,3.0,40.6,20.0,600.0,30.0,,10.0,6.0,83.0,3.0,14.0,1.8,26.43,29.4
Safflower Seed,49.5,6.9,3.0,40.6,20.0,400.0,30.0,,30.0,6.0,83.0,3.0,14.0,1.8,30.03,30.7
Safflower Seed,49.5,6.9,3.0,40.6,20.0,450.0,30.0,,30.0,6.0,83.0,3.0,14.0,1.8,29.34,31.2
Safflower Seed,49.5,6.9,3.0,40.6,20.0,500.0,30.0,,30.0,6.0,83.0,3.0,14.0,1.8,27.63,32.2
Safflower Seed,49.5,6.9,3.0,40.6,20.0,550.0,30.0,,30.0,6.0,83.0,3.0,14.0,1.8,26.71,31.1
Safflower Seed,49.5,6.9,3.0,40.6,20.0,600.0,30.0,,30.0,6.0,83.0,3.0,14.0,1.8,25.71,30.4
Safflower Seed,49.5,6.9,3.0,40.6,20.0,400.0,30.0,,50.0,6.0,83.0,3.0,14.0,1.8,29.57,31.6
Safflower Seed,49.5,6.9,3.0,40.6,20.0,450.0,30.0,,50.0,6.0,83.0,3.0,14.0,1.8,28.02,32.6
Safflower Seed,49.5,6.9,3.0,40.6,20.0,500.0,30.0,,50.0,6.0,83.0,3.0,14.0,1.8,26.25,33.8
Safflower Seed,49.5,6.9,3.0,40.6,20.0,550.0,30.0,,50.0,6.0,83.0,3.0,14.0,1.8,25.69,32.4
Safflower Seed,49.5,6.9,3.0,40.6,20.0,600.0,30.0,,50.0,6.0,83.0,3.0,14.0,1.8,24.71,31.7
Safflower Seed,49.5,6.9,3.0,40.6,20.0,500.0,30.0,0.05,50.0,6.0,83.0,3.0,14.0,1.8,27.4,34.1
Safflower Seed,49.5,6.9,3.0,40.6,20.0,500.0,30.0,1.0,50.0,6.0,83.0,3.0,14.0,1.8,25.4,35.9
Safflower Seed,49.5,6.9,3.0,40.6,20.0,500.0,30.0,0.15,50.0,6.0,83.0,3.0,14.0,1.8,25.0,34.2
Safflower Seed,49.5,6.9,3.0,40.6,20.0,500.0,30.0,2.0,50.0,6.0,83.0,3.0,14.0,1.8,24.8,32.9
Wood,44.0,8.04,0.45,47.5,,450.0,60.0,0.03,30.0,,51.39,22.7,12.49,2.5,41.86,
Wood,44.0,8.04,0.45,47.5,,550.0,60.0,0.03,30.0,,51.39,22.7,12.49,2.5,37.16,
Wood,44.0,8.04,0.45,47.5,,650.0,60.0,0.03,30.0,,51.39,22.7,12.49,2.5,32.78,
Wood,44.0,8.04,0.45,47.5,,750.0,60.0,0.03,30.0,,51.39,22.7,12.49,2.5,30.96,
Wood,44.0,8.04,0.45,47.5,,850.0,60.0,0.03,30.0,,51.39,22.7,12.49,2.5,28.9,
Cotton Stalk,44.75,5.75,0.9,48.57,20.0,300.0,30.0,0.5,13.0,8.6,76.44,5.08,18.48,2.0,86.5,5.84
Cotton Stalk,44.75,5.75,0.9,48.57,20.0,400.0,30.0,0.5,13.0,8.6,76.44,5.08,18.48,2.0,46.5,23.63
Cotton Stalk,44.75,5.75,0.9,48.57,20.0,500.0,30.0,0.5,13.0,8.6,76.44,5.08,18.48,2.0,36.5,28.62
Cotton Stalk,44.75,5.75,0.9,48.57,20.0,600.0,30.0,0.5,13.0,8.6,76.44,5.08,18.48,2.0,32.25,30.49
Cotton Stalk,44.75,5.75,0.9,48.57,20.0,700.0,30.0,0.5,13.0,8.6,76.44,5.08,18.48,2.0,30.0,31.74
Cotton Stalk,44.75,5.75,0.9,48.57,20.0,800.0,30.0,0.5,13.0,8.6,76.44,5.08,18.48,2.0,28.0,32.88
Palm Shell,53.1,7.1,0.7,46.8,6.0,600.0,60.0,0.2,5.0,3.0,74.1,2.0,25.9,6.6,31.8,50.3
Sugarcane Bagasse,45.9,6.7,0.9,59.2,6.0,600.0,60.0,0.2,5.0,5.8,85.3,4.4,14.7,2.1,27.7,50.3
Rice Husk,42.5,6.5,1.3,46.0,6.0,600.0,60.0,0.2,5.0,5.7,80.9,19.6,19.1,2.1,39.0,33.5
Coconut Waste,52.6,6.2,2.0,53.1,6.0,600.0,60.0,0.2,5.0,5.7,77.2,0.6,22.8,6.6,28.2,43.7
Wheat Straw,48.1,6.8,1.8,49.0,6.0,600.0,60.0,0.2,5.0,5.6,85.9,7.9,14.1,2.1,30.3,5.0
Cotton Stalk,46.0,7.6,5.6,54.5,6.0,600.0,60.0,0.2,5.0,6.1,93.1,4.2,6.9,1.85,28.0,53.6
Olive Husk,49.2,6.8,2.0,45.8,6.0,600.0,60.0,0.2,5.0,5.7,80.5,4.5,19.5,1.85,30.5,44.8
Coconut Waste,44.7,7.5,0.8,61.8,6.0,600.0,60.0,0.2,5.0,7.5,85.3,5.3,14.7,6.6,30.8,47.8
Olive Husk,44.8,7.1,0.43,37.3,25.0,400.0,30.0,4.0,15.0,6.65,60.83,10.37,22.15,1.1,39.16,
Olive Husk,44.8,7.1,0.43,37.3,25.0,450.0,30.0,4.0,15.0,6.65,60.83,10.37,22.15,1.1,35.22,
Olive Husk,44.8,7.1,0.43,37.3,25.0,500.0,30.0,4.0,15.0,6.65,60.83,10.37,22.15,1.1,31.78,
Olive Husk,44.8,7.1,0.43,37.3,25.0,550.0,30.0,4.0,15.0,6.65,60.83,10.37,22.15,1.1,30.48,
Wood,51.88,6.21,0.16,41.76,100.0,350.0,60.0,2.0,12.5,6.49,79.25,0.15,14.1,,32.7,28.8
Wood,51.88,6.21,0.16,41.76,100.0,400.0,60.0,2.0,12.5,6.49,79.25,0.15,14.1,,27.9,30.5
Wood,51.88,6.21,0.16,41.76,100.0,500.0,60.0,2.0,12.5,6.49,79.25,0.15,14.1,,23.3,33.2
Wood,51.88,6.21,0.16,41.76,100.0,600.0,60.0,2.0,12.5,6.49,79.25,0.15,14.1,,20.7,35.5
Rice Husk,42.7,6.01,1.2,35.97,30.0,300.0,60.0,0.02,10.0,5.95,63.46,13.7,16.89,1.0,57.03,13.77
Rice Husk,42.7,6.01,1.2,35.97,30.0,400.0,60.0,0.02,10.0,5.95,63.46,13.7,16.89,1.0,44.7,16.4
Rice Husk,42.7,6.01,1.2,35.97,30.0,500.0,60.0,0.02,10.0,5.95,63.46,13.7,16.89,1.0,39.5,18.4
Rice Husk,42.7,6.01,1.2,35.97,30.0,600.0,60.0,0.02,10.0,5.95,63.46,13.7,16.89,1.0,37.5,18.7
Rice Husk,42.7,6.01,1.2,35.97,30.0,700.0,60.0,0.02,10.0,5.95,63.46,13.7,16.89,1.0,37.5,17.8
Rice Husk,42.7,6.01,1.2,35.97,30.0,500.0,15.0,0.02,10.0,5.95,63.46,13.7,16.89,1.0,40.7,18.09999999999999
Rice Husk,42.7,6.01,1.2,35.97,30.0,500.0,30.0,0.02,10.0,5.95,63.46,13.7,16.89,1.0,40.1,18.1
Rice Husk,42.7,6.01,1.2,35.97,30.0,500.0,60.0,0.02,10.0,5.95,63.46,13.7,16.89,1.0,39.3,18.6
Rice Husk,42.7,6.01,1.2,35.97,30.0,500.0,90.0,0.02,10.0,5.95,63.46,13.7,16.89,1.0,38.1,18.9
Rice Husk,42.7,6.01,1.2,35.97,30.0,500.0,60.0,0.02,1.0,5.95,63.46,13.7,16.89,1.0,41.0,15.2
Rice Husk,42.7,6.01,1.2,35.97,30.0,500.0,60.0,0.02,2.0,5.95,63.46,13.7,16.89,1.0,40.9,21.0
Rice Husk,42.7,6.01,1.2,35.97,30.0,500.0,60.0,0.02,5.0,5.95,63.46,13.7,16.89,1.0,40.1,19.2
Rice Husk,42.7,6.01,1.2,35.97,30.0,500.0,60.0,0.02,10.0,5.95,63.46,13.7,16.89,1.0,39.2,18.7
Rice Husk,42.7,6.01,1.2,35.97,30.0,500.0,60.0,0.02,10.0,5.95,63.46,13.7,16.89,1.0,41.2,18.7
Rice Husk,42.7,6.01,1.2,35.97,30.0,500.0,60.0,0.05,10.0,5.95,63.46,13.7,16.89,1.0,39.5,20.7
Rice Husk,42.7,6.01,1.2,35.97,30.0,500.0,60.0,0.1,10.0,5.95,63.46,13.7,16.89,1.0,38.1,22.7
Rice Husk,42.7,6.01,1.2,35.97,30.0,500.0,60.0,0.2,10.0,5.95,63.46,13.7,16.89,1.0,36.4,22.1
Rice Husk,42.7,6.01,1.2,35.97,30.0,500.0,60.0,0.02,10.0,5.95,63.46,13.7,16.89,1.0,39.5,18.7
Rice Husk,42.7,6.01,1.2,35.97,30.0,500.0,60.0,0.02,10.0,5.95,63.46,13.7,16.89,0.225,38.1,20.1
Rice Husk,42.7,6.01,1.2,35.97,30.0,500.0,60.0,0.02,10.0,5.95,63.46,13.7,16.89,0.1125,36.7,21.5
Rice Husk,42.7,6.01,1.2,35.97,30.0,500.0,60.0,0.02,10.0,5.95,63.46,13.7,16.89,0.05,33.8,25.0
Jerusalem Artichoke Stick,45.36,6.11,0.75,47.26,1.0,550.0,10.0,0.1,10.0,15.76,67.4,3.34,13.5,0.5,35.0,44.9
Jerusalem Artichoke Stick,45.36,6.11,0.75,47.26,1.0,650.0,10.0,0.1,10.0,15.76,67.4,3.34,13.5,0.5,31.75,41.25
Jerusalem Artichoke Stick,45.36,6.11,0.75,47.26,1.0,750.0,10.0,0.1,10.0,15.76,67.4,3.34,13.5,0.5,30.2,40.6
Jerusalem Artichoke Stick,45.36,6.11,0.75,47.26,1.0,850.0,10.0,0.1,10.0,15.76,67.4,3.34,13.5,0.5,28.6,36.36
Reed,42.78,5.17,1.33,50.51,1.0,550.0,10.0,0.1,10.0,5.89,72.12,8.47,13.52,0.5,32.85,54.38
Reed,42.78,5.17,1.33,50.51,1.0,650.0,10.0,0.1,10.0,5.89,72.12,8.47,13.52,0.5,30.14,55.56
Reed,42.78,5.17,1.33,50.51,1.0,750.0,10.0,0.1,10.0,5.89,72.12,8.47,13.52,0.5,28.4,54.75
Reed,42.78,5.17,1.33,50.51,1.0,850.0,10.0,0.1,10.0,5.89,72.12,8.47,13.52,0.5,26.28,53.22
Palm Shell,52.33,5.81,0.2,41.66,,400.0,,,10.0,8.12,78.95,0.76,14.04,0.3,26.53,33.33
Palm Shell,52.33,5.81,0.2,41.66,,500.0,,,10.0,8.12,78.95,0.76,14.04,0.3,24.84,31.64
Palm Shell,52.33,5.81,0.2,41.66,,600.0,,,10.0,8.12,78.95,0.76,14.04,0.3,24.1,31.02
Palm Shell,52.33,5.81,0.2,41.66,,700.0,,,10.0,8.12,78.95,0.76,14.04,0.3,23.33,29.3
Wheat Straw,41.41,5.86,1.44,45.22,,400.0,,3.0,10.0,7.4,69.3,5.9,17.4,0.1,56.69,25.04
Wheat Straw,41.41,5.86,1.44,45.22,,500.0,,3.0,10.0,7.4,69.3,5.9,17.4,0.1,47.28,30.66
Wheat Straw,41.41,5.86,1.44,45.22,,600.0,,3.0,10.0,7.4,69.3,5.9,17.4,0.1,46.56,30.19
Tobacco Residues,35.44,4.62,2.7,33.78,6.0,300.0,30.0,0.3,,,71.15,22.49,6.36,0.65,57.7,20.8
Tobacco Residues,35.44,4.62,2.7,33.78,6.0,400.0,30.0,0.3,,,71.15,22.49,6.36,0.65,47.2,22.2
Tobacco Residues,35.44,4.62,2.7,33.78,6.0,500.0,30.0,0.3,,,71.15,22.49,6.36,0.65,42.2,21.1
Tobacco Residues,35.44,4.62,2.7,33.78,6.0,600.0,30.0,0.3,,,71.15,22.49,6.36,0.65,39.8,19.2
Tobacco Residues,35.44,4.62,2.7,33.78,6.0,700.0,30.0,0.3,,,71.15,22.49,6.36,0.65,32.6,20.1
Corncob,44.12,6.1,1.24,48.54,,500.0,26.0,0.02,2.5,7.27,74.59,3.34,14.8,0.6,31.99,43.71
Corncob,44.12,6.1,1.24,48.54,,500.0,26.0,0.02,5.0,7.27,74.59,3.34,14.8,0.6,29.8,47.2
Corncob,44.12,6.1,1.24,48.54,,500.0,26.0,0.02,10.0,7.27,74.59,3.34,14.8,0.6,28.94,49.94
Algae,55.2,8.25,1.71,26.67,20.0,400.0,60.0,0.1,20.0,5.46,85.3,1.2,8.04,0.75,64.87,13.89
Algae,55.2,8.25,1.71,26.67,20.0,500.0,60.0,0.1,20.0,5.46,85.3,1.2,8.04,0.75,20.99,26.45
Algae,55.2,8.25,1.71,26.67,20.0,600.0,60.0,0.1,20.0,5.46,85.3,1.2,8.04,0.75,20.78,22.34
Algae,55.2,8.25,1.71,26.67,20.0,700.0,60.0,0.1,20.0,5.46,85.3,1.2,8.04,0.75,21.1,30.51
Algae,55.2,8.25,1.71,26.67,20.0,800.0,60.0,0.1,20.0,5.46,85.3,1.2,8.04,0.75,19.92,19.98
Algae,23.31,3.53,0.2,6.75,20.0,400.0,60.0,0.1,20.0,36.55,29.89,29.48,4.08,0.75,76.9,10.6
Algae,23.31,3.53,0.2,6.75,20.0,500.0,60.0,0.1,20.0,36.55,29.89,29.48,4.08,0.75,65.0,12.5
Algae,23.31,3.53,0.2,6.75,20.0,600.0,60.0,0.1,20.0,36.55,29.89,29.48,4.08,0.75,62.5,10.6
Algae,23.31,3.53,0.2,6.75,20.0,700.0,60.0,0.1,20.0,36.55,29.89,29.48,4.08,0.75,60.3,14.7
Algae,23.31,3.53,0.2,6.75,20.0,800.0,60.0,0.1,20.0,36.55,29.89,29.48,4.08,0.75,59.2,5.28
Sugarcane Bagasse,44.86,5.87,0.24,48.97,15.0,350.0,30.0,0.1,10.0,5.4,80.2,3.1,11.3,0.55,50.07,29.04
Sugarcane Bagasse,44.86,5.87,0.24,48.97,15.0,400.0,30.0,0.1,10.0,5.4,80.2,3.1,11.3,0.55,45.09,33.07
Sugarcane Bagasse,44.86,5.87,0.24,48.97,15.0,450.0,30.0,0.1,10.0,5.4,80.2,3.1,11.3,0.55,37.31,38.16
Sugarcane Bagasse,44.86,5.87,0.24,48.97,15.0,500.0,30.0,0.1,10.0,5.4,80.2,3.1,11.3,0.55,31.46,41.97
Sugarcane Bagasse,44.86,5.87,0.24,48.97,15.0,550.0,30.0,0.1,10.0,5.4,80.2,3.1,11.3,0.55,31.4,40.2
Sugarcane Bagasse,44.86,5.87,0.24,48.97,15.0,600.0,30.0,0.1,10.0,5.4,80.2,3.1,11.3,0.55,30.06,39.5
Sugarcane Bagasse,44.86,5.87,0.24,48.97,15.0,650.0,30.0,0.1,10.0,5.4,80.2,3.1,11.3,0.55,23.36,38.81
Sugarcane Bagasse,44.86,5.87,0.24,48.97,15.0,350.0,30.0,0.1,50.0,5.4,80.2,3.1,11.3,0.55,47.16,30.83
Sugarcane Bagasse,44.86,5.87,0.24,48.97,15.0,400.0,30.0,0.1,50.0,5.4,80.2,3.1,11.3,0.55,42.16,35.76
Sugarcane Bagasse,44.86,5.87,0.24,48.97,15.0,450.0,30.0,0.1,50.0,5.4,80.2,3.1,11.3,0.55,34.48,41.3
Sugarcane Bagasse,44.86,5.87,0.24,48.97,15.0,500.0,30.0,0.1,50.0,5.4,80.2,3.1,11.3,0.55,28.24,45.19
Sugarcane Bagasse,44.86,5.87,0.24,48.97,15.0,550.0,30.0,0.1,50.0,5.4,80.2,3.1,11.3,0.55,25.11,44.32
Sugarcane Bagasse,44.86,5.87,0.24,48.97,15.0,600.0,30.0,0.1,50.0,5.4,80.2,3.1,11.3,0.55,24.87,41.81
Sugarcane Bagasse,44.86,5.87,0.24,48.97,15.0,650.0,30.0,0.1,50.0,5.4,80.2,3.1,11.3,0.55,24.21,39.5
Sugarcane Bagasse,44.86,5.87,0.24,48.97,15.0,500.0,30.0,0.1,50.0,5.4,80.2,3.1,11.3,0.25,37.4,26.94
Sugarcane Bagasse,44.86,5.87,0.24,48.97,15.0,500.0,30.0,0.1,50.0,5.4,80.2,3.1,11.3,0.38,39.54,27.94
Sugarcane Bagasse,44.86,5.87,0.24,48.97,15.0,500.0,30.0,0.1,50.0,5.4,80.2,3.1,11.3,0.55,45.49,29.14
Sugarcane Bagasse,44.86,5.87,0.24,48.97,15.0,500.0,30.0,0.1,50.0,5.4,80.2,3.1,11.3,0.8,43.82,36.41
Sugarcane Bagasse,44.86,5.87,0.24,48.97,15.0,500.0,30.0,0.1,50.0,5.4,80.2,3.1,11.3,1.35,41.59,37.79
Sugarcane Bagasse,44.86,5.87,0.24,48.97,15.0,500.0,30.0,0.05,50.0,5.4,80.2,3.1,11.3,0.55,39.53,33.78
Sugarcane Bagasse,44.86,5.87,0.24,48.97,15.0,500.0,30.0,0.1,50.0,5.4,80.2,3.1,11.3,0.55,45.18,27.93
Sugarcane Bagasse,44.86,5.87,0.24,48.97,15.0,500.0,30.0,0.15,50.0,5.4,80.2,3.1,11.3,0.55,42.7,27.2
Sugarcane Bagasse,44.86,5.87,0.24,48.97,15.0,500.0,30.0,0.2,50.0,5.4,80.2,3.1,11.3,0.55,41.85,26.72
Rice Husk,48.75,5.98,1.99,43.28,105.0,300.0,60.0,1.5,10.0,7.3,60.84,22.55,16.61,0.83,49.55,31.29
Rice Husk,48.75,5.98,1.99,43.28,105.0,400.0,60.0,1.5,10.0,7.3,60.84,22.55,16.61,0.83,32.75,41.96
Rice Husk,48.75,5.98,1.99,43.28,105.0,500.0,60.0,1.5,10.0,7.3,60.84,22.55,16.61,0.83,27.93,43.12
Rice Husk,48.75,5.98,1.99,43.28,105.0,600.0,60.0,1.5,10.0,7.3,60.84,22.55,16.61,0.83,25.71,45.2
Rice Husk,48.75,5.98,1.99,43.28,105.0,700.0,60.0,1.5,10.0,7.3,60.84,22.55,16.61,0.83,25.03,43.9
Peanut Shell,37.87,5.19,1.57,55.24,3.0,300.0,30.0,0.05,15.0,8.03,58.38,11.31,22.29,1.25,47.76,14.38
Peanut Shell,37.87,5.19,1.57,55.24,3.0,400.0,30.0,0.05,15.0,8.03,58.38,11.31,22.29,1.25,41.42,15.83
Peanut Shell,37.87,5.19,1.57,55.24,3.0,500.0,30.0,0.05,15.0,8.03,58.38,11.31,22.29,1.25,37.06,17.75
Peanut Shell,37.87,5.19,1.57,55.24,3.0,600.0,30.0,0.05,15.0,8.03,58.38,11.31,22.29,1.25,35.43,15.12
Peanut Shell,37.87,5.19,1.57,55.24,3.0,700.0,30.0,0.05,15.0,8.03,58.38,11.31,22.29,1.25,33.73,13.03
Peanut Shell,37.87,5.19,1.57,55.24,3.0,800.0,30.0,0.05,15.0,8.03,58.38,11.31,22.29,1.25,32.35,10.29
Peanut Shell,37.87,5.19,1.57,55.24,3.0,900.0,30.0,0.05,15.0,8.03,58.38,11.31,22.29,1.25,33.78,8.88
Pine,46.28,5.8,0.72,47.03,3.0,300.0,30.0,0.05,15.0,8.81,60.09,12.24,18.86,1.25,52.2,14.48
Pine,46.28,5.8,0.72,47.03,3.0,400.0,30.0,0.05,15.0,8.81,60.09,12.24,18.86,1.25,45.01,18.12
Pine,46.28,5.8,0.72,47.03,3.0,500.0,30.0,0.05,15.0,8.81,60.09,12.24,18.86,1.25,36.51,20.76
Pine,46.28,5.8,0.72,47.03,3.0,600.0,30.0,0.05,15.0,8.81,60.09,12.24,18.86,1.25,35.25,18.84
Pine,46.28,5.8,0.72,47.03,3.0,700.0,30.0,0.05,15.0,8.81,60.09,12.24,18.86,1.25,32.79,12.72
Pine,46.28,5.8,0.72,47.03,3.0,800.0,30.0,0.05,15.0,8.81,60.09,12.24,18.86,1.25,33.89,15.78
Pine,46.28,5.8,0.72,47.03,3.0,900.0,30.0,0.05,15.0,8.81,60.09,12.24,18.86,1.25,30.54,13.28
Algae,47.32,6.9,8.48,36.45,3.0,300.0,30.0,0.05,15.0,6.26,76.13,6.11,11.5,1.25,43.05,20.64
Algae,47.32,6.9,8.48,36.45,3.0,400.0,30.0,0.05,15.0,6.26,76.13,6.11,11.5,1.25,43.46,16.38
Algae,47.32,6.9,8.48,36.45,3.0,500.0,30.0,0.05,15.0,6.26,76.13,6.11,11.5,1.25,29.28,32.69
Algae,47.32,6.9,8.48,36.45,3.0,600.0,30.0,0.05,15.0,6.26,76.13,6.11,11.5,1.25,22.33,28.5
Algae,47.32,6.9,8.48,36.45,3.0,700.0,30.0,0.05,15.0,6.26,76.13,6.11,11.5,1.25,23.73,27.25
Algae,47.32,6.9,8.48,36.45,3.0,800.0,30.0,0.05,15.0,6.26,76.13,6.11,11.5,1.25,21.58,26.55
Algae,47.32,6.9,8.48,36.45,3.0,900.0,30.0,0.05,15.0,6.26,76.13,6.11,11.5,1.25,19.3,21.04
Corncob,22.49,3.3,0.51,73.68,3.0,300.0,30.0,0.05,15.0,6.33,51.64,29.51,12.53,1.25,63.51,10.31
Corncob,22.49,3.3,0.51,73.68,3.0,400.0,30.0,0.05,15.0,6.33,51.64,29.51,12.53,11.25,54.42,11.43
Corncob,22.49,3.3,0.51,73.68,3.0,500.0,30.0,0.05,15.0,6.33,51.64,29.51,12.53,1.25,54.29,11.38
Corncob,22.49,3.3,0.51,73.68,3.0,600.0,30.0,0.05,15.0,6.33,51.64,29.51,12.53,1.25,50.93,10.68
Corncob,22.49,3.3,0.51,73.68,3.0,700.0,30.0,0.05,15.0,6.33,51.64,29.51,12.53,1.25,52.24,8.72
Corncob,22.49,3.3,0.51,73.68,3.0,800.0,30.0,0.05,15.0,6.33,51.64,29.51,12.53,1.25,48.27,8.28
Corncob,22.49,3.3,0.51,73.68,3.0,900.0,30.0,0.05,15.0,6.33,51.64,29.51,12.53,1.25,50.78,6.18
Kasaud Seed,40.8,6.1,3.9,48.9,30.0,450.0,,0.04,50.0,9.7,84.0,5.8,0.5,1.5,39.28,33.94
Kasaud Seed,40.8,6.1,3.9,48.9,30.0,475.0,,0.04,50.0,9.7,84.0,5.8,0.5,1.5,31.57,36.51
Kasaud Seed,40.8,6.1,3.9,48.9,30.0,500.0,,0.04,50.0,9.7,84.0,5.8,0.5,1.5,27.22,42.15
Kasaud Seed,40.8,6.1,3.9,48.9,30.0,525.0,,0.04,50.0,9.7,84.0,5.8,0.5,1.5,26.23,47.88
Kasaud Seed,40.8,6.1,3.9,48.9,30.0,550.0,,0.04,50.0,9.7,84.0,5.8,0.5,1.5,25.73,50.35
Kasaud Seed,40.8,6.1,3.9,48.9,30.0,575.0,,0.04,50.0,9.7,84.0,5.8,0.5,1.5,25.54,49.07
Wood,45.18,6.59,1.0,48.2,15.0,400.0,30.0,0.1,40.0,8.78,78.14,0.45,12.63,,26.79,21.62
Wood,45.18,6.59,1.0,48.2,15.0,450.0,30.0,0.1,40.0,8.78,78.14,0.45,12.63,,25.78,21.61
Wood,45.18,6.59,1.0,48.2,15.0,500.0,30.0,0.1,40.0,8.78,78.14,0.45,12.63,,25.62,22.61
Wood,45.18,6.59,1.0,48.2,15.0,550.0,30.0,0.1,40.0,8.78,78.14,0.45,12.63,,23.17,26.62
Wood,45.18,6.59,1.0,48.2,15.0,600.0,30.0,0.1,40.0,8.78,78.14,0.45,12.63,,22.45,29.77
Wood,45.18,6.59,1.0,48.2,15.0,550.0,30.0,0.1,10.0,8.78,78.14,0.45,12.63,,23.06,30.38
Wood,45.18,6.59,1.0,48.2,15.0,550.0,30.0,0.1,20.0,8.78,78.14,0.45,12.63,,22.19,29.08
Wood,45.18,6.59,1.0,48.2,15.0,550.0,30.0,0.1,30.0,8.78,78.14,0.45,12.63,,22.03,32.51
Wood,45.18,6.59,1.0,48.2,15.0,550.0,30.0,0.1,40.0,8.78,78.14,0.45,12.63,,22.88,29.92
Wood,45.18,6.59,1.0,48.2,15.0,550.0,30.0,0.1,50.0,8.78,78.14,0.45,12.63,,22.44,29.05
Wood,45.18,6.59,1.0,48.2,15.0,550.0,30.0,0.05,30.0,8.78,78.14,0.45,12.63,,22.28,32.71
Wood,45.18,6.59,1.0,48.2,15.0,550.0,30.0,0.1,30.0,8.78,78.14,0.45,12.63,,20.98,35.55
Wood,45.18,6.59,1.0,48.2,15.0,550.0,30.0,0.15,30.0,8.78,78.14,0.45,12.63,,21.11,30.96
Garlic Stem,42.29,6.03,3.84,47.8,5.0,400.0,60.0,0.05,30.0,5.81,5.82,8.8,2.21,2.0,30.25,37.85
Garlic Stem,42.29,6.03,3.84,47.8,5.0,450.0,60.0,0.05,30.0,5.81,5.82,8.8,2.21,2.0,26.38,38.67
Garlic Stem,42.29,6.03,3.84,47.8,6.0,475.0,60.0,0.05,30.0,5.81,5.82,8.8,2.21,2.0,26.0,38.6
Garlic Stem,42.29,6.03,3.84,47.8,7.0,500.0,60.0,0.05,30.0,5.81,5.82,8.8,2.21,2.0,24.72,39.64
Garlic Stem,42.29,6.03,3.84,47.8,8.0,525.0,60.0,0.05,30.0,5.81,5.82,8.8,2.21,2.0,26.6,37.6
Garlic Stem,42.29,6.03,3.84,47.8,5.0,550.0,60.0,0.05,30.0,5.81,5.82,8.8,2.21,2.0,26.24,37.85
Garlic Stem,42.29,6.03,3.84,47.8,5.0,600.0,60.0,0.05,30.0,5.81,5.82,8.8,2.21,2.0,24.72,39.23
Garlic Stem,42.29,6.03,3.84,47.8,5.0,500.0,60.0,0.05,30.0,5.81,5.82,8.8,2.21,0.85,31.93,35.89
Garlic Stem,42.29,6.03,3.84,47.8,5.0,500.0,60.0,0.05,30.0,5.81,5.82,8.8,2.21,2.0,26.71,40.51
Garlic Stem,42.29,6.03,3.84,47.8,5.0,500.0,60.0,0.05,30.0,5.81,5.82,8.8,2.21,4.0,25.31,40.74
Pepper Stem,46.23,5.6,1.75,46.4,15.0,300.0,60.0,0.05,30.0,2.82,68.06,5.82,23.3,2.0,45.53,33.41
Pepper Stem,46.23,5.6,1.75,46.4,15.0,350.0,60.0,0.05,30.0,2.82,68.06,5.82,23.3,2.0,38.13,38.13
Pepper Stem,46.23,5.6,1.75,46.4,15.0,400.0,60.0,0.05,30.0,2.82,68.06,5.82,23.3,2.0,31.99,44.66
Pepper Stem,46.23,5.6,1.75,46.4,15.0,450.0,60.0,0.05,30.0,2.82,68.06,5.82,23.3,2.0,29.88,45.34
Pepper Stem,46.23,5.6,1.75,46.4,16.0,475.0,60.0,0.05,30.0,2.82,68.06,5.82,23.3,2.0,28.7,45.7
Pepper Stem,46.23,5.6,1.75,46.4,17.0,500.0,60.0,0.05,30.0,2.82,68.06,5.82,23.3,2.0,26.94,45.47
Pepper Stem,46.23,5.6,1.75,46.4,18.0,525.0,60.0,0.05,30.0,2.82,68.06,5.82,23.3,2.0,28.1,45.4
Pepper Stem,46.23,5.6,1.75,46.4,15.0,550.0,60.0,0.05,30.0,2.82,68.06,5.82,23.3,2.0,26.93,46.15
Pepper Stem,46.23,5.6,1.75,46.4,15.0,600.0,60.0,0.05,30.0,2.82,68.06,5.82,23.3,2.0,26.77,46.55
Pepper Stem,46.23,5.6,1.75,46.4,15.0,650.0,60.0,0.05,30.0,2.82,68.06,5.82,23.3,2.0,25.78,45.28
Pepper Stem,46.23,5.6,1.75,46.4,15.0,480.0,60.0,0.05,30.0,2.82,68.06,5.82,23.3,0.85,31.29,33.48
Pepper Stem,46.23,5.6,1.75,46.4,15.0,480.0,60.0,0.05,30.0,2.82,68.06,5.82,23.3,2.0,32.44,39.56
Pepper Stem,46.23,5.6,1.75,46.4,15.0,480.0,60.0,0.05,30.0,2.82,68.06,5.82,23.3,4.0,27.56,45.65
Pepper Stem,46.23,5.6,1.75,46.4,15.0,480.0,60.0,0.05,30.0,2.82,68.06,5.82,23.3,7.5,28.57,46.25
Palm Shell,52.05,5.37,0.49,42.1,200.0,500.0,60.0,2.0,10.0,4.7,73.5,8.6,13.2,1.5,35.26,47.43
Pomegranate Seeds,49.65,7.54,4.03,38.1,125.0,400.0,60.0,0.03,5.0,5.38,78.71,1.83,14.08,3.2,41.47,42.2
Pomegranate Seeds,49.65,7.54,4.03,38.1,125.0,500.0,60.0,0.03,5.0,5.38,78.71,1.83,14.08,3.2,29.83,54.04
Pomegranate Seeds,49.65,7.54,4.03,38.1,125.0,600.0,60.0,0.03,5.0,5.38,78.71,1.83,14.08,3.2,29.28,54.2
Pomegranate Seeds,49.65,7.54,4.03,38.1,125.0,800.0,60.0,0.03,5.0,5.38,78.71,1.83,14.08,3.2,27.87,52.07
Rapeseed Stalk,62.1,9.1,3.9,24.9,10.0,400.0,30.0,,30.0,4.9,81.7,5.5,7.9,0.65,24.62,41.08
Rapeseed Stalk,62.1,9.1,3.9,24.9,10.0,500.0,30.0,,30.0,4.9,81.7,5.5,7.9,0.65,21.7,45.18
Rapeseed Stalk,62.1,9.1,3.9,24.9,10.0,550.0,30.0,,30.0,4.9,81.7,5.5,7.9,0.65,19.38,46.67
Rapeseed Stalk,62.1,9.1,3.9,24.9,10.0,600.0,30.0,,30.0,4.9,81.7,5.5,7.9,0.65,19.21,45.64
Rapeseed Stalk,62.1,9.1,3.9,24.9,10.0,700.0,30.0,,30.0,4.9,81.7,5.5,7.9,0.65,18.29,44.36
Rapeseed Stalk,62.1,9.1,3.9,24.9,10.0,550.0,30.0,,30.0,4.9,81.7,5.5,7.9,0.23,22.53,43.01
Rapeseed Stalk,62.1,9.1,3.9,24.9,10.0,550.0,30.0,,30.0,4.9,81.7,5.5,7.9,0.53,21.05,44.67
Rapeseed Stalk,62.1,9.1,3.9,24.9,10.0,550.0,30.0,,30.0,4.9,81.7,5.5,7.9,0.73,16.56,48.24
Rapeseed Stalk,62.1,9.1,3.9,24.9,10.0,550.0,30.0,,30.0,4.9,81.7,5.5,7.9,1.03,15.53,49.23
Rapeseed Stalk,62.1,9.1,3.9,24.9,10.0,550.0,30.0,,30.0,4.9,81.7,5.5,7.9,1.6,17.08,48.42
Rapeseed Stalk,62.1,9.1,3.9,24.9,10.0,550.0,30.0,,30.0,4.9,81.7,5.5,7.9,2.0,20.98,46.28
Rapeseed Stalk,62.1,9.1,3.9,24.9,10.0,550.0,30.0,0.05,30.0,4.9,81.7,5.5,7.9,1.2,16.34,48.64
Rapeseed Stalk,62.1,9.1,3.9,24.9,10.0,550.0,30.0,0.1,30.0,4.9,81.7,5.5,7.9,1.2,15.54,51.41
Rapeseed Stalk,62.1,9.1,3.9,24.9,10.0,550.0,30.0,0.2,30.0,4.9,81.7,5.5,7.9,1.2,15.3,51.61
Rapeseed Stalk,62.1,9.1,3.9,24.9,10.0,550.0,30.0,0.4,30.0,4.9,81.7,5.5,7.9,1.2,15.58,49.22
Rapeseed Stalk,62.1,9.1,3.9,24.9,3.0,400.0,30.0,0.1,300.0,4.9,81.7,5.5,7.9,0.63,27.07,36.1
Rapeseed Stalk,62.1,9.1,3.9,24.9,3.0,500.0,30.0,0.1,300.0,4.9,81.7,5.5,7.9,0.63,17.46,60.68
Rapeseed Stalk,62.1,9.1,3.9,24.9,3.0,550.0,30.0,0.1,300.0,4.9,81.7,5.5,7.9,0.63,16.12,63.22
Rapeseed Stalk,62.1,9.1,3.9,24.9,3.0,600.0,30.0,0.1,300.0,4.9,81.7,5.5,7.9,0.63,15.1,61.56
Rapeseed Stalk,62.1,9.1,3.9,24.9,3.0,700.0,30.0,0.1,300.0,4.9,81.7,5.5,7.9,0.63,14.2,56.94
Rapeseed Stalk,62.1,9.1,3.9,24.9,3.0,550.0,30.0,0.1,300.0,4.9,81.7,5.5,7.9,0.23,19.25,55.25
Rapeseed Stalk,62.1,9.1,3.9,24.9,3.0,550.0,30.0,0.1,300.0,4.9,81.7,5.5,7.9,0.53,18.78,58.26
Rapeseed Stalk,62.1,9.1,3.9,24.9,3.0,550.0,30.0,0.1,300.0,4.9,81.7,5.5,7.9,0.73,12.93,68.06
Rapeseed Stalk,62.1,9.1,3.9,24.9,3.0,550.0,30.0,0.1,300.0,4.9,81.7,5.5,7.9,1.03,13.16,67.77
Rapeseed Stalk,62.1,9.1,3.9,24.9,3.0,550.0,30.0,0.1,300.0,4.9,81.7,5.5,7.9,1.6,13.22,65.57
Rapeseed Stalk,62.1,9.1,3.9,24.9,3.0,550.0,30.0,0.1,300.0,4.9,81.7,5.5,7.9,2.0,16.06,64.58
Rapeseed Stalk,62.1,9.1,3.9,24.9,3.0,550.0,30.0,0.05,300.0,4.9,81.7,5.5,7.9,0.93,14.27,65.07
Rapeseed Stalk,62.1,9.1,3.9,24.9,3.0,550.0,30.0,0.1,300.0,4.9,81.7,5.5,7.9,0.93,13.12,68.19
Rapeseed Stalk,62.1,9.1,3.9,24.9,3.0,550.0,30.0,0.2,300.0,4.9,81.7,5.5,7.9,0.93,13.62,68.19
Rapeseed Stalk,62.1,9.1,3.9,24.9,3.0,550.0,30.0,0.4,300.0,4.9,81.7,5.5,7.9,0.93,14.44,65.89
Corncob,49.32,5.35,0.63,44.7,15.0,400.0,30.0,0.05,7.0,7.36,79.58,1.49,11.57,0.5125,31.98,17.85
Corncob,49.32,5.35,0.63,44.7,15.0,450.0,30.0,0.05,7.0,7.36,79.58,1.49,11.57,0.5125,29.8,19.42
Corncob,49.32,5.35,0.63,44.7,15.0,500.0,30.0,0.05,7.0,7.36,79.58,1.49,11.57,0.5125,27.53,21.16
Corncob,49.32,5.35,0.63,44.7,15.0,550.0,30.0,0.05,7.0,7.36,79.58,1.49,11.57,0.5125,27.01,20.2
Corncob,49.32,5.35,0.63,44.7,15.0,400.0,30.0,0.05,40.0,7.36,79.58,1.49,11.57,0.5125,27.14,23.27
Corncob,49.32,5.35,0.63,44.7,15.0,450.0,30.0,0.05,40.0,7.36,79.58,1.49,11.57,0.5125,25.8,24.25
Corncob,49.32,5.35,0.63,44.7,15.0,500.0,30.0,0.05,40.0,7.36,79.58,1.49,11.57,0.5125,24.46,25.32
Corncob,49.32,5.35,0.63,44.7,15.0,550.0,30.0,0.05,40.0,7.36,79.58,1.49,11.57,0.5125,23.55,23.98
Corncob,49.32,5.35,0.63,44.7,15.0,500.0,30.0,0.05,40.0,7.36,79.58,1.49,11.57,0.5125,24.65,26.16
Corncob,49.32,5.35,0.63,44.7,15.0,500.0,30.0,0.1,40.0,7.36,79.58,1.49,11.57,0.5125,24.0,26.65
Corncob,49.32,5.35,0.63,44.7,15.0,500.0,30.0,0.15,40.0,7.36,79.58,1.49,11.57,0.5125,23.35,25.38
Corncob,49.32,5.35,0.63,44.7,15.0,500.0,30.0,0.2,40.0,7.36,79.58,1.49,11.57,0.5125,23.4,47.7
Palm Fiber,45.38,10.59,1.32,42.0,5.0,550.0,15.0,0.1,10.0,4.75,66.84,1.4,27.01,0.18,33.35,48.69
Palm Fiber,45.38,10.59,1.32,42.0,5.0,550.0,15.0,0.2,10.0,4.75,66.84,1.4,27.01,0.18,34.45,46.26
Palm Fiber,45.38,10.59,1.32,42.0,5.0,550.0,15.0,0.3,10.0,4.75,66.84,1.4,27.01,0.18,33.61,0.84
Palm Fiber,41.0,6.74,0.67,51.2,5.0,550.0,15.0,0.1,10.0,4.83,70.33,5.87,18.97,0.18,25.35,49.52
Palm Fiber,41.0,6.74,0.67,51.2,5.0,550.0,15.0,0.2,10.0,4.83,70.33,5.87,18.97,0.18,26.55,45.98
Palm Fiber,41.0,6.74,0.67,51.2,5.0,550.0,15.0,0.3,10.0,4.83,70.33,5.87,18.97,0.18,25.82,45.77
Palm Fiber,45.38,10.59,1.32,42.04,5.0,400.0,15.0,0.2,10.0,4.75,66.84,1.4,27.01,0.18,40.81,40.81
Palm Fiber,45.38,10.59,1.32,42.04,5.0,450.0,15.0,0.2,10.0,4.75,66.84,1.4,27.01,0.18,38.16,47.21
Palm Fiber,45.38,10.59,1.32,42.04,5.0,500.0,15.0,0.2,10.0,4.75,66.84,1.4,27.01,0.18,33.53,47.65
Palm Fiber,45.38,10.59,1.32,42.04,5.0,550.0,15.0,0.2,10.0,4.75,66.84,1.4,27.01,0.18,34.41,50.51
Palm Fiber,45.38,10.59,1.32,42.04,5.0,600.0,15.0,0.2,10.0,4.75,66.84,1.4,27.01,0.18,33.09,48.09
Palm Fiber,41.0,6.74,0.67,51.2,5.0,400.0,15.0,0.2,10.0,4.83,70.33,5.87,18.97,0.18,31.55,42.27
Palm Fiber,41.0,6.74,0.67,51.2,5.0,450.0,15.0,0.2,10.0,4.83,70.33,5.87,18.97,0.18,28.92,45.41
Palm Fiber,41.0,6.74,0.67,51.2,5.0,500.0,15.0,0.2,10.0,4.83,70.33,5.87,18.97,0.18,27.11,45.46
Palm Fiber,41.0,6.74,0.67,51.2,5.0,550.0,15.0,0.2,10.0,4.83,70.33,5.87,18.97,0.18,26.55,45.93
Palm Fiber,41.0,6.74,0.67,51.2,5.0,600.0,15.0,0.2,10.0,4.83,70.33,5.87,18.97,0.18,23.51,47.01
Wheat Straw,52.9,6.3,0.4,40.4,10.0,300.0,30.0,,7.0,5.9,74.2,6.9,13.0,0.5,32.03,14.05
Wheat Straw,52.9,6.3,0.4,40.4,10.0,400.0,30.0,,7.0,5.9,74.2,6.9,13.0,0.5,27.47,15.19
Wheat Straw,52.9,6.3,0.4,40.4,10.0,500.0,30.0,,7.0,5.9,74.2,6.9,13.0,0.5,26.19,19.39
Wheat Straw,52.9,6.3,0.4,40.4,10.0,600.0,30.0,,7.0,5.9,74.2,6.9,13.0,0.5,24.69,17.89
Wheat Straw,52.9,6.3,0.4,40.4,10.0,700.0,30.0,,7.0,5.9,74.2,6.9,13.0,0.5,22.53,14.2
Wheat Straw,52.9,6.3,0.4,40.4,10.0,800.0,30.0,,7.0,5.9,74.2,6.9,13.0,0.5,22.35,13.36
Oat Straw,48.5,6.0,0.4,45.1,10.0,300.0,30.0,,7.0,6.7,75.9,17.3,0.2,0.4,31.84,15.42
Oat Straw,48.5,6.0,0.4,45.1,10.0,400.0,30.0,,7.0,6.7,75.9,17.3,0.2,0.4,29.1,14.18
Oat Straw,48.5,6.0,0.4,45.1,10.0,500.0,30.0,,7.0,6.7,75.9,17.3,0.2,0.4,27.11,19.15
Oat Straw,48.5,6.0,0.4,45.1,10.0,600.0,30.0,,7.0,6.7,75.9,17.3,0.2,0.4,24.63,19.65
Oat Straw,48.5,6.0,0.4,45.1,10.0,700.0,30.0,,7.0,6.7,75.9,17.3,0.2,0.4,22.39,16.17
Oat Straw,48.5,6.0,0.4,45.1,10.0,800.0,30.0,,7.0,6.7,75.9,17.3,0.2,0.4,22.89,14.68
Liquorice,45.13,6.24,0.6,48.0,20.0,350.0,,0.1,40.0,3.67,,3.04,,10.0,29.89,26.53
Liquorice,45.13,6.24,0.6,48.0,20.0,450.0,,0.1,40.0,3.67,,3.04,,10.0,27.58,29.91
Liquorice,45.13,6.24,0.6,48.0,20.0,550.0,,0.1,40.0,3.67,,3.04,,10.0,26.54,31.53
Tobacco Residues,51.65,6.2,2.05,40.1,,400.0,30.0,0.05,7.0,7.74,67.67,11.16,13.43,0.6375,49.02,35.04
Tobacco Residues,51.65,6.2,2.05,40.1,,500.0,30.0,0.05,7.0,7.74,67.67,11.16,13.43,0.6375,36.28,37.99
Tobacco Residues,51.65,6.2,2.05,40.1,,550.0,30.0,0.05,7.0,7.74,67.67,11.16,13.43,0.6375,34.05,39.11
Tobacco Residues,51.65,6.2,2.05,40.1,,700.0,30.0,0.05,7.0,7.74,67.67,11.16,13.43,0.6375,29.46,37.74
Tobacco Residues,51.65,6.2,2.05,40.1,,400.0,30.0,0.1,7.0,7.74,67.67,11.16,13.43,0.6375,49.23,35.97
Tobacco Residues,51.65,6.2,2.05,40.1,,500.0,30.0,0.1,7.0,7.74,67.67,11.16,13.43,0.6375,35.56,39.38
Tobacco Residues,51.65,6.2,2.05,40.1,,550.0,30.0,0.1,7.0,7.74,67.67,11.16,13.43,0.6375,32.72,41.82
Tobacco Residues,51.65,6.2,2.05,40.1,,700.0,30.0,0.1,7.0,7.74,67.67,11.16,13.43,0.6375,29.07,39.32
Tobacco Residues,51.65,6.2,2.05,40.1,,400.0,30.0,0.2,7.0,7.74,67.67,11.16,13.43,0.6375,50.15,35.16
Tobacco Residues,51.65,6.2,2.05,40.1,,500.0,30.0,0.2,7.0,7.74,67.67,11.16,13.43,0.6375,36.95,39.5
Tobacco Residues,51.65,6.2,2.05,40.1,,550.0,30.0,0.2,7.0,7.74,67.67,11.16,13.43,0.6375,34.68,40.18
Tobacco Residues,51.65,6.2,2.05,40.1,,700.0,30.0,0.2,7.0,7.74,67.67,11.16,13.43,0.6375,27.85,36.01
Tobacco Residues,51.65,6.2,2.05,40.1,,400.0,30.0,0.4,7.0,7.74,67.67,11.16,13.43,0.6375,52.09,22.4
Tobacco Residues,51.65,6.2,2.05,40.1,,500.0,30.0,0.4,7.0,7.74,67.67,11.16,13.43,0.6375,46.16,24.31
Tobacco Residues,51.65,6.2,2.05,40.1,,550.0,30.0,0.4,7.0,7.74,67.67,11.16,13.43,0.6375,42.02,26.62
Tobacco Residues,51.65,6.2,2.05,40.1,,700.0,30.0,0.4,7.0,7.74,67.67,11.16,13.43,0.6375,34.12,23.81
Tobacco Residues,51.65,6.2,2.05,40.1,,400.0,,0.1,300.0,7.74,67.67,11.16,13.43,0.6375,36.8,26.4
Tobacco Residues,51.65,6.2,2.05,40.1,,500.0,,0.1,300.0,7.74,67.67,11.16,13.43,0.6375,26.2,28.7
Tobacco Residues,51.65,6.2,2.05,40.1,,550.0,,0.1,300.0,7.74,67.67,11.16,13.43,0.6375,25.7,29.8
Tobacco Residues,51.65,6.2,2.05,40.1,,700.0,,0.1,300.0,7.74,67.67,11.16,13.43,0.6375,23.8,27.7
Rice Husk,44.82,5.08,0.92,49.1,10.0,400.0,,,5.0,7.16,62.43,15.43,14.98,0.85,30.84,22.17
Rice Husk,44.82,5.08,0.92,49.1,10.0,500.0,,,5.0,7.16,62.43,15.43,14.98,0.85,28.3,26.36
Rice Husk,44.82,5.08,0.92,49.1,10.0,600.0,,,5.0,7.16,62.43,15.43,14.98,0.85,26.91,27.92
Rice Husk,44.82,5.08,0.92,49.1,10.0,700.0,,,5.0,7.16,62.43,15.43,14.98,0.85,24.86,23.25
Rice Husk,44.82,5.08,0.92,49.1,10.0,600.0,,,5.0,7.16,62.43,15.43,14.98,2.0,27.79,24.96
Rice Husk,44.82,5.08,0.92,49.1,10.0,600.0,,,5.0,7.16,62.43,15.43,14.98,1.6,27.08,25.49
Rice Husk,44.82,5.08,0.92,49.1,10.0,600.0,,,5.0,7.16,62.43,15.43,14.98,1.05,26.19,26.55
Rice Husk,44.82,5.08,0.92,49.1,10.0,600.0,,,5.0,7.16,62.43,15.43,14.98,0.63,25.49,27.79
Rice Husk,44.82,5.08,0.92,49.1,10.0,600.0,,,5.0,7.16,62.43,15.43,14.98,0.33,27.61,25.84
Rice Husk,44.82,5.08,0.92,49.1,10.0,600.0,,,5.0,7.16,62.43,15.43,14.98,0.1,30.27,24.96
Rice Husk,44.82,5.08,0.92,49.1,10.0,600.0,,0.05,5.0,7.16,62.43,15.43,14.98,0.63,26.55,28.57
Rice Husk,44.82,5.08,0.92,49.1,10.0,600.0,,0.1,5.0,7.16,62.43,15.43,14.98,0.63,26.39,29.58
Rice Husk,44.82,5.08,0.92,49.1,10.0,600.0,,0.2,5.0,7.16,62.43,15.43,14.98,0.63,25.88,30.08
Rice Husk,44.82,5.08,0.92,49.1,10.0,600.0,,0.4,5.0,7.16,62.43,15.43,14.98,0.63,25.71,28.24
Eremurus Spectabilis,39.27,6.54,1.28,52.9,20.0,350.0,,0.1,10.0,5.6,,4.6,,0.187,39.7,31.69
Eremurus Spectabilis,39.27,6.54,1.28,52.9,20.0,400.0,,0.1,10.0,5.6,,4.6,,0.187,38.34,32.29
Eremurus Spectabilis,39.27,6.54,1.28,52.9,20.0,450.0,,0.1,10.0,5.6,,4.6,,0.187,37.69,32.53
Eremurus Spectabilis,39.27,6.54,1.28,52.9,20.0,500.0,,0.1,10.0,5.6,,4.6,,0.187,37.17,32.86
Eremurus Spectabilis,39.27,6.54,1.28,52.9,20.0,550.0,,0.1,10.0,5.6,,4.6,,0.187,36.58,31.59
Eremurus Spectabilis,39.27,6.54,1.28,52.9,20.0,350.0,,0.1,30.0,5.6,,4.6,,0.187,38.13,32.27
Eremurus Spectabilis,39.27,6.54,1.28,52.9,20.0,400.0,,0.1,30.0,5.6,,4.6,,0.187,37.58,32.94
Eremurus Spectabilis,39.27,6.54,1.28,52.9,20.0,450.0,,0.1,30.0,5.6,,4.6,,0.187,36.41,33.31
Eremurus Spectabilis,39.27,6.54,1.28,52.9,20.0,500.0,,0.1,30.0,5.6,,4.6,,0.187,35.89,33.8
Eremurus Spectabilis,39.27,6.54,1.28,52.9,20.0,550.0,,0.1,30.0,5.6,,4.6,,0.187,35.53,32.61
Eremurus Spectabilis,39.27,6.54,1.28,52.9,20.0,350.0,,0.1,50.0,5.6,,4.6,,0.187,37.63,33.37
Eremurus Spectabilis,39.27,6.54,1.28,52.9,20.0,400.0,,0.1,50.0,5.6,,4.6,,0.187,36.77,33.65
Eremurus Spectabilis,39.27,6.54,1.28,52.9,20.0,450.0,,0.1,50.0,5.6,,4.6,,0.187,36.12,33.86
Eremurus Spectabilis,39.27,6.54,1.28,52.9,20.0,500.0,,0.1,50.0,5.6,,4.6,,0.187,34.61,34.61
Eremurus Spectabilis,39.27,6.54,1.28,52.9,20.0,550.0,,0.1,50.0,5.6,,4.6,,0.187,33.88,32.92
Eremurus Spectabilis,39.27,6.54,1.28,52.9,20.0,500.0,,0.1,50.0,5.6,,4.6,,0.187,34.7,34.89
Eremurus Spectabilis,39.27,6.54,1.28,52.9,20.0,500.0,,0.1,50.0,5.6,,4.6,,0.26,35.47,33.67
Eremurus Spectabilis,39.27,6.54,1.28,52.9,20.0,500.0,,0.1,50.0,5.6,,4.6,,0.36,35.4,32.94
Eremurus Spectabilis,39.27,6.54,1.28,52.9,20.0,500.0,,0.1,50.0,5.6,,4.6,,0.63,36.36,32.86
Eremurus Spectabilis,39.27,6.54,1.28,52.9,20.0,500.0,,0.1,50.0,5.6,,4.6,,0.2,34.74,34.43
Eremurus Spectabilis,39.27,6.54,1.28,52.9,20.0,500.0,,0.15,50.0,5.6,,4.6,,0.2,32.73,35.21
Eremurus Spectabilis,39.27,6.54,1.28,52.9,20.0,500.0,,0.2,50.0,5.6,,4.6,,0.2,33.04,35.98
Eremurus Spectabilis,39.27,6.54,1.28,52.9,20.0,500.0,,0.25,50.0,5.6,,4.6,,0.2,32.42,33.2
Avocado Seed,41.98,6.77,0.66,50.5,20.0,400.0,,0.1,50.0,9.75,,1.43,,0.19,26.75,28.1
Avocado Seed,41.98,6.77,0.66,50.5,20.0,500.0,,0.1,50.0,9.75,,1.43,,0.19,24.8,29.55
Avocado Seed,41.98,6.77,0.66,50.5,20.0,600.0,,0.1,50.0,9.75,,1.43,,0.19,22.95,36.45
Pongamia Seed,44.0,5.46,1.61,48.8,10.0,350.0,,0.1,40.0,3.5,74.58,2.72,19.2,0.2,33.0,23.16
Pongamia Seed,44.0,5.46,1.61,48.8,10.0,450.0,,0.1,40.0,3.5,74.58,2.72,19.2,0.2,29.4,25.6
Pongamia Seed,44.0,5.46,1.61,48.8,10.0,550.0,,0.1,40.0,3.5,74.58,2.72,19.2,0.2,28.6,28.56
Pongamia Seed,44.0,5.46,1.61,48.8,10.0,650.0,,0.1,40.0,3.5,74.58,2.72,19.2,0.2,28.84,26.84
Mesua seed,47.5,5.43,1.15,45.9,10.0,350.0,,0.1,40.0,3.8,76.83,1.17,18.2,0.2,30.54,25.23
Mesua seed,47.5,5.43,1.15,45.9,10.0,450.0,,0.1,40.0,3.8,76.83,1.17,18.2,0.2,27.46,26.87
Mesua seed,47.5,5.43,1.15,45.9,10.0,550.0,,0.1,40.0,3.8,76.83,1.17,18.2,0.2,26.23,29.6
Mesua seed,47.5,5.43,1.15,45.9,10.0,650.0,,0.1,40.0,3.8,76.83,1.17,18.2,0.2,25.87,27.84
Wood,44.73,6.12,0.87,48.2,20.0,350.0,30.0,0.1,10.0,6.5,71.8,1.06,20.64,0.73,31.42,43.09
Wood,44.73,6.12,0.87,48.2,20.0,400.0,30.0,0.1,10.0,6.5,71.8,1.06,20.64,0.73,29.62,42.63
Wood,44.73,6.12,0.87,48.2,20.0,450.0,30.0,0.1,10.0,6.5,71.8,1.06,20.64,0.73,28.55,44.59
Wood,44.73,6.12,0.87,48.2,20.0,500.0,30.0,0.1,10.0,6.5,71.8,1.06,20.64,0.73,26.74,45.71
Wood,44.73,6.12,0.87,48.2,20.0,550.0,30.0,0.1,10.0,6.5,71.8,1.06,20.64,0.73,26.15,45.85
Wood,44.73,6.12,0.87,48.2,20.0,600.0,30.0,0.1,10.0,6.5,71.8,1.06,20.64,0.73,25.57,45.14
Wood,44.73,6.12,0.87,48.2,20.0,350.0,30.0,0.1,50.0,6.5,71.8,1.06,20.64,0.73,29.53,48.47
Wood,44.73,6.12,0.87,48.2,20.0,400.0,30.0,0.1,50.0,6.5,71.8,1.06,20.64,0.73,29.3,47.71
Wood,44.73,6.12,0.87,48.2,20.0,450.0,30.0,0.1,50.0,6.5,71.8,1.06,20.64,0.73,27.6,50.03
Wood,44.73,6.12,0.87,48.2,20.0,500.0,30.0,0.1,50.0,6.5,71.8,1.06,20.64,0.73,26.17,51.16
Wood,44.73,6.12,0.87,48.2,20.0,550.0,30.0,0.1,50.0,6.5,71.8,1.06,20.64,0.73,24.6,50.26
Wood,44.73,6.12,0.87,48.2,20.0,600.0,30.0,0.1,50.0,6.5,71.8,1.06,20.64,0.73,24.11,48.69
Wood,44.73,6.12,0.87,48.2,20.0,500.0,30.0,0.1,50.0,6.5,71.8,1.06,20.64,0.33,27.23,51.03
Wood,44.73,6.12,0.87,48.2,20.0,500.0,30.0,0.1,50.0,6.5,71.8,1.06,20.64,0.73,25.89,50.85
Wood,44.73,6.12,0.87,48.2,20.0,500.0,30.0,0.1,50.0,6.5,71.8,1.06,20.64,1.4,25.58,48.6
Wood,44.73,6.12,0.87,48.2,20.0,500.0,30.0,0.1,50.0,6.5,71.8,1.06,20.64,2.0,25.66,49.71
Wood,44.73,6.12,0.87,48.2,20.0,500.0,30.0,0.1,50.0,6.5,71.8,1.06,20.64,1.0,25.25,54.3
Wood,44.73,6.12,0.87,48.2,20.0,500.0,30.0,0.2,50.0,6.5,71.8,1.06,20.64,1.0,23.01,52.8
Wood,44.73,6.12,0.87,48.2,20.0,500.0,30.0,0.3,50.0,6.5,71.8,1.06,20.64,1.0,23.01,51.01
Algae,39.26,6.11,6.65,47.7,125.0,450.0,60.0,0.03,100.0,8.45,65.48,13.99,12.08,0.75,31.7,42.91
Algae,39.26,6.11,6.65,47.7,125.0,500.0,60.0,0.03,100.0,8.45,65.48,13.99,12.08,0.75,32.49,43.28
Algae,39.26,6.11,6.65,47.7,125.0,550.0,60.0,0.03,100.0,8.45,65.48,13.99,12.08,0.75,31.41,47.18
Algae,39.26,6.11,6.65,47.7,125.0,600.0,60.0,0.03,100.0,8.45,65.48,13.99,12.08,0.75,32.0,42.57
Sunflower Bagasse,49.6,7.4,4.4,38.6,,300.0,,0.0,7.0,5.0,73.8,6.9,14.3,1.13,32.1,51.3
Sunflower Bagasse,49.6,7.4,4.4,38.6,,400.0,,0.0,7.0,5.0,73.8,6.9,14.3,1.13,29.2,53.2
Sunflower Bagasse,49.6,7.4,4.4,38.6,,450.0,,0.0,7.0,5.0,73.8,6.9,14.3,1.13,28.4,54.4
Sunflower Bagasse,49.6,7.4,4.4,38.6,,520.0,,0.0,7.0,5.0,73.8,6.9,14.3,1.13,28.0,53.4
Sunflower Bagasse,49.6,7.4,4.4,38.6,,700.0,,0.0,7.0,5.0,73.8,6.9,14.3,1.13,26.5,53.3
Sunflower Bagasse,49.6,7.4,4.4,38.6,,900.0,,0.0,7.0,5.0,73.8,6.9,14.3,1.13,26.0,52.9
Sunflower Bagasse,49.6,7.4,4.4,38.6,,300.0,,0.0,30.0,5.0,73.8,6.9,14.3,1.13,26.4,49.1
Sunflower Bagasse,49.6,7.4,4.4,38.6,,400.0,,0.0,30.0,5.0,73.8,6.9,14.3,1.13,26.2,49.4
Sunflower Bagasse,49.6,7.4,4.4,38.6,,450.0,,0.0,30.0,5.0,73.8,6.9,14.3,1.13,26.2,49.2
Sunflower Bagasse,49.6,7.4,4.4,38.6,,520.0,,0.0,30.0,5.0,73.8,6.9,14.3,1.13,25.8,50.8
Sunflower Bagasse,49.6,7.4,4.4,38.6,,700.0,,0.0,30.0,5.0,73.8,6.9,14.3,1.13,25.4,51.6
Sunflower Bagasse,49.6,7.4,4.4,38.6,,900.0,,0.0,30.0,5.0,73.8,6.9,14.3,1.13,24.9,51.6
Sunflower Bagasse,49.6,7.4,4.4,38.6,,450.0,,0.05,30.0,5.0,73.8,6.9,14.3,1.13,28.8,56.9
Sunflower Bagasse,49.6,7.4,4.4,38.6,,450.0,,0.1,30.0,5.0,73.8,6.9,14.3,1.13,29.0,59.3
Sunflower Bagasse,49.6,7.4,4.4,38.6,,450.0,,0.2,30.0,5.0,73.8,6.9,14.3,1.13,29.4,57.7
Sunflower Bagasse,49.6,7.4,4.4,38.6,,450.0,,0.4,30.0,5.0,73.8,6.9,14.3,1.13,29.0,57.2
Sunflower Bagasse,49.6,7.4,4.4,38.6,,450.0,,0.6,30.0,5.0,73.8,6.9,14.3,1.13,29.4,58.3
Sunflower Bagasse,42.67,6.08,1.95,49.3,20.0,350.0,30.0,,10.0,9.84,74.45,3.68,12.03,0.5125,33.84,28.95
Sunflower Bagasse,42.67,6.08,1.95,49.3,20.0,400.0,30.0,,10.0,9.84,74.45,3.68,12.03,0.5125,31.39,30.33
Sunflower Bagasse,42.67,6.08,1.95,49.3,20.0,450.0,30.0,,10.0,9.84,74.45,3.68,12.03,0.5125,29.07,31.33
Sunflower Bagasse,42.67,6.08,1.95,49.3,20.0,500.0,30.0,,10.0,9.84,74.45,3.68,12.03,0.5125,27.27,33.37
Sunflower Bagasse,42.67,6.08,1.95,49.3,20.0,550.0,30.0,,10.0,9.84,74.45,3.68,12.03,0.5125,26.51,31.63
Sunflower Bagasse,42.67,6.08,1.95,49.3,20.0,350.0,30.0,,30.0,9.84,74.45,3.68,12.03,0.5125,31.36,31.03
Sunflower Bagasse,42.67,6.08,1.95,49.3,20.0,400.0,30.0,,30.0,9.84,74.45,3.68,12.03,0.5125,28.27,32.93
Sunflower Bagasse,42.67,6.08,1.95,49.3,20.0,450.0,30.0,,30.0,9.84,74.45,3.68,12.03,0.5125,27.38,33.67
Sunflower Bagasse,42.67,6.08,1.95,49.3,20.0,500.0,30.0,,30.0,9.84,74.45,3.68,12.03,0.5125,25.32,34.41
Sunflower Bagasse,42.67,6.08,1.95,49.3,20.0,550.0,30.0,,30.0,9.84,74.45,3.68,12.03,0.5125,24.95,33.33
Sunflower Bagasse,42.67,6.08,1.95,49.3,20.0,500.0,30.0,0.1,30.0,9.84,74.45,3.68,12.03,0.5125,34.92,38.36
Sunflower Bagasse,42.67,6.08,1.95,49.3,20.0,500.0,30.0,0.15,30.0,9.84,74.45,3.68,12.03,0.5125,37.44,36.47
Sunflower Bagasse,42.67,6.08,1.95,49.3,20.0,500.0,30.0,0.2,30.0,9.84,74.45,3.68,12.03,0.5125,39.83,35.59
Sunflower Bagasse,49.81,6.22,4.87,39.1,5.0,400.0,,0.025,300.0,5.8,76.1,7.4,10.7,0.33,41.18,38.43
Sunflower Bagasse,49.81,6.22,4.87,39.1,5.0,500.0,,0.025,300.0,5.8,76.1,7.4,10.7,0.33,33.64,58.44
Sunflower Bagasse,49.81,6.22,4.87,39.1,5.0,550.0,,0.025,300.0,5.8,76.1,7.4,10.7,0.33,31.8,58.25
Sunflower Bagasse,49.81,6.22,4.87,39.1,5.0,700.0,,0.025,300.0,5.8,76.1,7.4,10.7,0.33,26.46,39.57
Sunflower Bagasse,49.81,6.22,4.87,39.1,5.0,400.0,,0.05,300.0,5.8,76.1,7.4,10.7,0.33,39.49,39.75
Sunflower Bagasse,49.81,6.22,4.87,39.1,5.0,500.0,,0.05,300.0,5.8,76.1,7.4,10.7,0.33,30.62,59.95
Sunflower Bagasse,49.81,6.22,4.87,39.1,5.0,550.0,,0.05,300.0,5.8,76.1,7.4,10.7,0.33,27.41,62.41
Sunflower Bagasse,49.81,6.22,4.87,39.1,5.0,700.0,,0.05,300.0,5.8,76.1,7.4,10.7,0.33,24.76,41.83
Sunflower Bagasse,49.81,6.22,4.87,39.1,5.0,400.0,,0.1,300.0,5.8,76.1,7.4,10.7,0.33,39.49,40.13
Sunflower Bagasse,49.81,6.22,4.87,39.1,5.0,500.0,,0.1,300.0,5.8,76.1,7.4,10.7,0.33,30.24,60.14
Sunflower Bagasse,49.81,6.22,4.87,39.1,5.0,550.0,,0.1,300.0,5.8,76.1,7.4,10.7,0.33,28.16,61.84
Sunflower Bagasse,49.81,6.22,4.87,39.1,5.0,700.0,,0.1,300.0,5.8,76.1,7.4,10.7,0.33,21.56,41.82
Sunflower Bagasse,49.81,6.22,4.87,39.1,5.0,400.0,,0.2,300.0,5.8,76.1,7.4,10.7,0.33,37.98,39.56
Sunflower Bagasse,49.81,6.22,4.87,39.1,5.0,500.0,,0.2,300.0,5.8,76.1,7.4,10.7,0.33,29.11,58.81
Sunflower Bagasse,49.81,6.22,4.87,39.1,5.0,550.0,,0.2,300.0,5.8,76.1,7.4,10.7,0.33,26.84,59.0
Sunflower Bagasse,49.81,6.22,4.87,39.1,5.0,700.0,,0.2,300.0,5.8,76.1,7.4,10.7,0.33,21.56,42.58
Sunflower Bagasse,49.81,6.22,4.87,39.1,5.0,400.0,,0.4,300.0,5.8,76.1,7.4,10.7,0.33,37.41,38.81
Sunflower Bagasse,49.81,6.22,4.87,39.1,5.0,500.0,,0.4,300.0,5.8,76.1,7.4,10.7,0.33,47.0,38.85
Sunflower Bagasse,49.81,6.22,4.87,39.1,5.0,550.0,,0.4,300.0,5.8,76.1,7.4,10.7,0.33,26.28,58.43
Sunflower Bagasse,49.81,6.22,4.87,39.1,5.0,700.0,,0.4,300.0,5.8,76.1,7.4,10.7,0.33,20.99,43.14
Ferula Orientalis L.,44.41,6.74,1.33,47.5,20.0,350.0,,0.1,15.0,5.66,,4.85,,0.5,40.26,38.61
Ferula Orientalis L.,44.41,6.74,1.33,47.5,20.0,400.0,,0.1,15.0,5.66,,4.85,,0.5,36.48,39.73
Ferula Orientalis L.,44.41,6.74,1.33,47.5,20.0,450.0,,0.1,15.0,5.66,,4.85,,0.5,34.07,41.95
Ferula Orientalis L.,44.41,6.74,1.33,47.5,20.0,500.0,,0.1,15.0,5.66,,4.85,,0.5,30.56,43.07
Ferula Orientalis L.,44.41,6.74,1.33,47.5,20.0,550.0,,0.1,15.0,5.66,,4.85,,0.5,29.14,42.86
Ferula Orientalis L.,44.41,6.74,1.33,47.5,20.0,600.0,,0.1,15.0,5.66,,4.85,,0.5,26.29,41.04
Ferula Orientalis L.,44.41,6.74,1.33,47.5,20.0,350.0,,0.1,30.0,5.66,,4.85,,0.5,38.75,40.52
Ferula Orientalis L.,44.41,6.74,1.33,47.5,20.0,400.0,,0.1,30.0,5.66,,4.85,,0.5,34.53,42.03
Ferula Orientalis L.,44.41,6.74,1.33,47.5,20.0,450.0,,0.1,30.0,5.66,,4.85,,0.5,31.91,42.66
Ferula Orientalis L.,44.41,6.74,1.33,47.5,20.0,500.0,,0.1,30.0,5.66,,4.85,,0.5,28.58,43.55
Ferula Orientalis L.,44.41,6.74,1.33,47.5,20.0,550.0,,0.1,30.0,5.66,,4.85,,0.5,26.79,43.47
Ferula Orientalis L.,44.41,6.74,1.33,47.5,20.0,600.0,,0.1,30.0,5.66,,4.85,,0.5,24.86,41.78
Ferula Orientalis L.,44.41,6.74,1.33,47.5,20.0,350.0,,0.1,50.0,5.66,,4.85,,0.5,37.12,41.89
Ferula Orientalis L.,44.41,6.74,1.33,47.5,20.0,400.0,,0.1,50.0,5.66,,4.85,,0.5,32.77,42.56
Ferula Orientalis L.,44.41,6.74,1.33,47.5,20.0,450.0,,0.1,50.0,5.66,,4.85,,0.5,29.74,43.29
Ferula Orientalis L.,44.41,6.74,1.33,47.5,20.0,500.0,,0.1,50.0,5.66,,4.85,,0.5,26.15,45.02
Ferula Orientalis L.,44.41,6.74,1.33,47.5,20.0,550.0,,0.1,50.0,5.66,,4.85,,0.5,25.41,43.64
Ferula Orientalis L.,44.41,6.74,1.33,47.5,20.0,600.0,,0.1,50.0,5.66,,4.85,,0.5,23.38,42.37
Ferula Orientalis L.,44.41,6.74,1.33,47.5,20.0,500.0,,0.1,50.0,5.66,,4.85,,0.187,26.4,44.9
Ferula Orientalis L.,44.41,6.74,1.33,47.5,20.0,500.0,,0.1,50.0,5.66,,4.85,,0.262,26.9,44.8
Ferula Orientalis L.,44.41,6.74,1.33,47.5,20.0,500.0,,0.1,50.0,5.66,,4.85,,0.3625,28.2,43.8
Ferula Orientalis L.,44.41,6.74,1.33,47.5,20.0,500.0,,0.1,50.0,5.66,,4.85,,0.6375,29.2,43.3
Ferula Orientalis L.,44.41,6.74,1.33,47.5,20.0,500.0,,0.1,50.0,5.66,,4.85,,0.187,26.2,44.9
Ferula Orientalis L.,44.41,6.74,1.33,47.5,20.0,500.0,,0.15,50.0,5.66,,4.85,,0.187,26.3,46.2
Ferula Orientalis L.,44.41,6.74,1.33,47.5,20.0,500.0,,0.2,50.0,5.66,,4.85,,0.187,25.9,46.7
Ferula Orientalis L.,44.41,6.74,1.33,47.5,20.0,500.0,,0.25,50.0,5.66,,4.85,,0.187,27.3,43.4
Ferula Orientalis L.,44.41,6.74,1.33,47.5,20.0,500.0,,0.3,50.0,5.66,,4.85,,0.187,27.8,42.5
Jute Dust,43.71,6.18,1.38,48.7,10.0,400.0,30.0,,10.0,5.34,72.11,9.65,12.9,,40.48,43.84
Jute Dust,43.71,6.18,1.38,48.7,10.0,500.0,30.0,,10.0,5.34,72.11,9.65,12.9,,33.45,49.1
Jute Dust,43.71,6.18,1.38,48.7,10.0,600.0,30.0,,10.0,5.34,72.11,9.65,12.9,,30.42,47.71
Jute Dust,43.71,6.18,1.38,48.7,10.0,700.0,30.0,,10.0,5.34,72.11,9.65,12.9,,25.34,45.88
Jute Dust,43.71,6.18,1.38,48.7,10.0,400.0,30.0,,40.0,5.34,72.11,9.65,12.9,,35.33,48.24
Jute Dust,43.71,6.18,1.38,48.7,10.0,500.0,30.0,,40.0,5.34,72.11,9.65,12.9,,31.42,48.24
Jute Dust,43.71,6.18,1.38,48.7,10.0,600.0,30.0,,40.0,5.34,72.11,9.65,12.9,,28.78,47.44
Jute Dust,43.71,6.18,1.38,48.7,10.0,700.0,30.0,,40.0,5.34,72.11,9.65,12.9,,24.32,46.64
Jute Dust,43.71,6.18,1.38,48.7,10.0,500.0,30.0,0.05,40.0,5.34,72.11,9.65,12.9,,34.27,48.85
Jute Dust,43.71,6.18,1.38,48.7,10.0,500.0,30.0,0.1,40.0,5.34,72.11,9.65,12.9,,33.59,48.29
Jute Dust,43.71,6.18,1.38,48.7,10.0,500.0,30.0,0.15,40.0,5.34,72.11,9.65,12.9,,31.42,48.24
Jute Dust,43.71,6.18,1.38,48.7,10.0,500.0,30.0,0.2,40.0,5.34,72.11,9.65,12.9,,30.69,38.47
Jute Dust,43.71,6.18,1.38,48.7,10.0,500.0,30.0,0.25,40.0,5.34,72.11,9.65,12.9,,28.73,37.6
Rapeseed Stalk,45.17,5.15,0.75,42.9,30.0,350.0,30.0,,10.0,12.64,75.55,5.87,18.58,0.75,46.48,25.59
Rapeseed Stalk,45.17,5.15,0.75,42.9,30.0,450.0,30.0,,10.0,12.64,75.55,5.87,18.58,0.75,36.34,30.38
Rapeseed Stalk,45.17,5.15,0.75,42.9,30.0,550.0,30.0,,10.0,12.64,75.55,5.87,18.58,0.75,33.93,37.74
Rapeseed Stalk,45.17,5.15,0.75,42.9,30.0,650.0,30.0,,10.0,12.64,75.55,5.87,18.58,0.75,30.58,37.74
Rapeseed Stalk,45.17,5.15,0.75,42.9,30.0,350.0,30.0,,30.0,12.64,75.55,5.87,18.58,0.75,44.01,23.17
Rapeseed Stalk,45.17,5.15,0.75,42.9,30.0,450.0,30.0,,30.0,12.64,75.55,5.87,18.58,0.75,35.83,29.75
Rapeseed Stalk,45.17,5.15,0.75,42.9,30.0,550.0,30.0,,30.0,12.64,75.55,5.87,18.58,0.75,33.21,37.02
Rapeseed Stalk,45.17,5.15,0.75,42.9,30.0,650.0,30.0,,30.0,12.64,75.55,5.87,18.58,0.75,29.76,36.02
Corncob,52.7,6.4,0.3,40.6,10.0,300.0,30.0,,7.0,6.4,76.7,1.2,15.7,0.65,30.3,40.15
Corncob,52.7,6.4,0.3,40.6,10.0,400.0,30.0,,7.0,6.4,76.7,1.2,15.7,0.65,30.99,39.55
Corncob,52.7,6.4,0.3,40.6,10.0,500.0,30.0,,7.0,6.4,76.7,1.2,15.7,0.65,27.37,41.46
Corncob,52.7,6.4,0.3,40.6,10.0,600.0,30.0,,7.0,6.4,76.7,1.2,15.7,0.65,26.98,41.04
Corncob,52.7,6.4,0.3,40.6,10.0,700.0,30.0,,7.0,6.4,76.7,1.2,15.7,0.65,26.05,36.32
Corncob,52.7,6.4,0.3,40.6,10.0,800.0,30.0,,7.0,6.4,76.7,1.2,15.7,0.65,24.77,36.62
Wood,49.17,5.93,1.03,43.8,20.0,400.0,60.0,0.15,10.0,3.87,78.17,3.53,14.43,0.18,37.17,42.52
Wood,49.17,5.93,1.03,43.8,20.0,500.0,60.0,0.15,10.0,3.87,78.17,3.53,14.43,0.18,34.33,44.88
Wood,49.17,5.93,1.03,43.8,20.0,600.0,60.0,0.15,10.0,3.87,78.17,3.53,14.43,0.18,28.19,49.29
Wood,49.17,5.93,1.03,43.8,20.0,700.0,60.0,0.15,10.0,3.87,78.17,3.53,14.43,0.18,26.93,47.72
Wood,49.17,5.93,1.03,43.8,20.0,600.0,60.0,0.15,10.0,3.87,78.17,3.53,14.43,0.18,27.44,48.77
Wood,49.17,5.93,1.03,43.8,20.0,600.0,60.0,0.2,10.0,3.87,78.17,3.53,14.43,0.18,25.66,47.49
Wood,49.17,5.93,1.03,43.8,20.0,600.0,60.0,0.25,10.0,3.87,78.17,3.53,14.43,0.18,23.71,45.37
Wood,49.17,5.93,1.03,43.8,20.0,600.0,60.0,0.15,10.0,3.87,78.17,3.53,14.43,0.5,30.54,47.79
Wood,49.17,5.93,1.03,43.8,20.0,600.0,60.0,0.15,10.0,3.87,78.17,3.53,14.43,0.25,28.41,48.47
Wood,49.17,5.93,1.03,43.8,20.0,600.0,60.0,0.15,10.0,3.87,78.17,3.53,14.43,0.18,27.59,48.78
Wood,49.1,5.7,0.2,44.5,75.0,450.0,75.0,0.05,10.0,8.7,84.3,0.8,15.2,0.38,40.6,47.5
Wood,49.1,5.7,0.2,44.5,75.0,500.0,75.0,0.05,10.0,8.7,84.3,0.8,15.2,0.38,13.6,62.4
Wood,49.1,5.7,0.2,44.5,75.0,550.0,75.0,0.05,10.0,8.7,84.3,0.8,15.2,0.38,10.3,48.4
Wood,49.1,5.7,0.2,44.5,75.0,600.0,75.0,0.05,10.0,8.7,84.3,0.8,15.2,0.38,8.2,40.1
Tomato Peel,55.0,7.9,2.8,34.0,,450.0,,,20.0,4.67,78.12,4.87,12.34,,44.0,14.0
Tomato Peel,55.0,7.9,2.8,34.0,,500.0,,,20.0,4.67,78.12,4.87,12.34,,39.0,17.5
Tomato Peel,55.0,7.9,2.8,34.0,,550.0,,,20.0,4.67,78.12,4.87,12.34,,26.4,32.0
Tomato Peel,55.0,7.9,2.8,34.0,,600.0,,,20.0,4.67,78.12,4.87,12.34,,27.85,40.0
Tomato Peel,55.0,7.9,2.8,34.0,,650.0,,,20.0,4.67,78.12,4.87,12.34,,26.0,36.0
Walnut Shell,46.65,5.8,1.65,47.5,20.0,300.0,60.0,0.2,15.0,7.5,71.52,1.65,19.33,0.85,41.98,34.42
Walnut Shell,46.65,5.8,1.65,47.5,20.0,400.0,60.0,0.2,15.0,7.5,71.52,1.65,19.33,0.85,36.05,37.85
Walnut Shell,46.65,5.8,1.65,47.5,20.0,500.0,60.0,0.2,15.0,7.5,71.52,1.65,19.33,0.85,31.68,41.88
Walnut Shell,46.65,5.8,1.65,47.5,20.0,600.0,60.0,0.2,15.0,7.5,71.52,1.65,19.33,0.85,30.55,40.03
Walnut Shell,46.65,5.8,1.65,47.5,20.0,500.0,60.0,0.2,15.0,7.5,71.52,1.65,19.33,0.33,28.84,42.59
Walnut Shell,46.65,5.8,1.65,47.5,20.0,500.0,60.0,0.2,15.0,7.5,71.52,1.65,19.33,0.51,30.4,43.78
Walnut Shell,46.65,5.8,1.65,47.5,20.0,500.0,60.0,0.2,15.0,7.5,71.52,1.65,19.33,0.65,30.88,44.38
Walnut Shell,46.65,5.8,1.65,47.5,20.0,500.0,60.0,0.2,15.0,7.5,71.52,1.65,19.33,0.85,31.35,45.82
Mahua Seed,47.28,6.52,2.55,43.3,,350.0,,8.0,20.0,6.5,74.9,6.5,18.9,1.0,43.75,41.41
Mahua Seed,47.28,6.52,2.55,43.3,,400.0,,8.0,20.0,6.5,74.9,6.5,18.9,1.0,39.37,43.85
Mahua Seed,47.28,6.52,2.55,43.3,,450.0,,8.0,20.0,6.5,74.9,6.5,18.9,1.0,36.04,46.04
Mahua Seed,47.28,6.52,2.55,43.3,,500.0,,8.0,20.0,6.5,74.9,6.5,18.9,1.0,35.05,43.02
Mahua Seed,47.28,6.52,2.55,43.3,,550.0,,8.0,20.0,6.5,74.9,6.5,18.9,1.0,33.54,39.74
Mahua Seed,47.28,6.52,2.55,43.3,,600.0,,8.0,20.0,6.5,74.9,6.5,18.9,1.0,32.81,35.42
Mahua Seed,47.28,6.52,2.55,43.3,,450.0,,8.0,20.0,6.5,74.9,6.5,18.9,0.33,33.25,44.42
Mahua Seed,47.28,6.52,2.55,43.3,,450.0,,8.0,20.0,6.5,74.9,6.5,18.9,0.65,33.82,46.32
Mahua Seed,47.28,6.52,2.55,43.3,,450.0,,8.0,20.0,6.5,74.9,6.5,18.9,1.0,36.93,47.97
Mahua Seed,47.28,6.52,2.55,43.3,,450.0,,8.0,20.0,6.5,74.9,6.5,18.9,1.5,36.23,47.33
Mahua Seed,47.28,6.52,2.55,43.3,,450.0,,8.0,20.0,6.5,74.9,6.5,18.9,2.0,37.06,41.63
Algae,42.09,4.38,1.53,51.6,30.0,430.0,8.0,0.732,,2.79,70.9,22.99,3.22,4.0,34.87,44.98
Algae,42.09,4.38,1.53,51.6,30.0,450.0,8.0,0.732,,2.79,70.9,22.99,3.22,4.0,32.48,48.96
Algae,42.09,4.38,1.53,51.6,30.0,470.0,8.0,0.732,,2.79,70.9,22.99,3.22,4.0,30.09,47.46
Algae,42.09,4.38,1.53,51.6,30.0,530.0,8.0,0.732,,2.79,70.9,22.99,3.22,4.0,25.57,48.21
Algae,42.09,4.38,1.53,51.6,30.0,450.0,4.0,0.732,,2.79,70.9,22.99,3.22,4.0,76.3,13.6
Algae,42.09,4.38,1.53,51.6,30.0,450.0,6.0,0.732,,2.79,70.9,22.99,3.22,4.0,55.4,25.6
Algae,42.09,4.38,1.53,51.6,30.0,450.0,8.0,0.732,,2.79,70.9,22.99,3.22,4.0,32.3,48.5
Algae,42.09,4.38,1.53,51.6,30.0,450.0,10.0,0.732,,2.79,70.9,22.99,3.22,4.0,31.6,48.3
Algae,42.09,4.38,1.53,51.6,30.0,450.0,8.0,0.69,,2.79,70.9,22.99,3.22,4.0,32.6,46.9
Algae,42.09,4.38,1.53,51.6,30.0,450.0,8.0,0.732,,2.79,70.9,22.99,3.22,4.0,32.4,48.5
Algae,42.09,4.38,1.53,51.6,30.0,450.0,8.0,0.774,,2.79,70.9,22.99,3.22,4.0,32.1,47.4
Algae,42.09,4.38,1.53,51.6,30.0,450.0,8.0,0.864,,2.79,70.9,22.99,3.22,4.0,31.5,46.2
Karanja Seed,53.04,7.32,3.94,35.5,40.0,500.0,,0.04,20.0,7.27,89.23,1.5,2.0,0.8,25.76,50.23
Karanja Seed,53.04,7.32,3.94,35.5,40.0,525.0,,0.04,20.0,7.27,89.23,1.5,2.0,0.8,22.19,53.15
Karanja Seed,53.04,7.32,3.94,35.5,40.0,550.0,,0.04,20.0,7.27,89.23,1.5,2.0,0.8,20.21,55.32
Karanja Seed,53.04,7.32,3.94,35.5,40.0,575.0,,0.04,20.0,7.27,89.23,1.5,2.0,0.8,18.77,51.85
Karanja Seed,53.04,7.32,3.94,35.5,40.0,600.0,,0.04,20.0,7.27,89.23,1.5,2.0,0.8,19.03,50.51
Cherry Seed,52.48,7.58,4.54,35.3,,300.0,60.0,0.025,5.0,5.53,77.62,1.16,15.69,1.5,39.9,46.2
Cherry Seed,52.48,7.58,4.54,35.3,,400.0,60.0,0.025,5.0,5.53,77.62,1.16,15.69,1.5,30.3,51.3
Cherry Seed,52.48,7.58,4.54,35.3,,500.0,60.0,0.025,5.0,5.53,77.62,1.16,15.69,1.5,26.40000000000001,52.49999999999999
Cherry Seed,52.48,7.58,4.54,35.3,,600.0,60.0,0.025,5.0,5.53,77.62,1.16,15.69,1.5,25.09999999999999,53.10000000000001
Cherry Seed,48.86,6.32,3.09,41.62,,300.0,60.0,0.025,5.0,6.8,76.12,0.78,17.02,1.5,38.4,46.7
Cherry Seed,48.86,6.32,3.09,41.62,,400.0,60.0,0.025,5.0,6.8,76.12,0.78,17.02,1.5,31.5,51.9
Cherry Seed,48.86,6.32,3.09,41.62,,500.0,60.0,0.025,5.0,6.8,76.12,0.78,17.02,1.5,27.90000000000001,53.2
Cherry Seed,48.86,6.32,3.09,41.62,,600.0,60.0,0.025,5.0,6.8,76.12,0.78,17.02,1.5,26.8,53.6
